{
	code: "candleholder",
	class: "candleholder",
	creativeinventory: { "general": ["*-no-north"], "decorative": ["*-no-north"], "zeekea": ["*-no-north"] },
	behaviors: [{ name: "HorizontalOrientable" }],
	blockmaterial: "Metal",
	variantgroups: [
		{ code: "metal", states: ["copper", "tinbronze", "bismuthbronze", "blackbronze", "iron" ] },
		{ code: "candle", states: ["lit", "unlit", "no"] },
		{ loadFromProperties: "abstract/horizontalorientation" }
	],
	drawtype: "json",
	texturesByType: {
		"*-lit-*": { 
			"bismuthbronze": { base: "game:block/metal/plate/{metal}" },
			"candle": { base: "game:block/candle" }
		},
		"*-unlit-*": { 
			"bismuthbronze": { base: "game:block/metal/plate/{metal}" },
			"candle": { base: "game:block/candle-unlit" }
		},
		"*-no-*": { 
			"bismuthbronze": { base: "game:block/metal/plate/{metal}" },
		}
	},
	shapebytype: { 
		"*lit-north": {
			base: "block/candleholder_wcandle",
			rotateY: 0
		},
		"*lit-east": {
			base: "block/candleholder_wcandle",
			rotateY: 270
		},
		"*lit-south": {
			base: "block/candleholder_wcandle",
			rotateY: 180
		},
		"*lit-west": {
			base: "block/candleholder_wcandle",
			rotateY: 90
		},
		"*-no-north": {
			base: "block/candleholder_wocandle",
			rotateY: 0
		},
		"*-no-east": {
			base: "block/candleholder_wocandle",
			rotateY: 270
		},
		"*-no-south": {
			base: "block/candleholder_wocandle",
			rotateY: 180
		},
		"*-no-west": {
			base: "block/candleholder_wocandle",
			rotateY: 90
		}
	},
	particlePropertiesByType: {
		"*-lit-*": [
			{
				"__comment": "Fire quads",
				hsvaColor: [{ avg: 20, var: 20 }, { avg: 255, var: 50 }, { avg: 255, var: 50 },  { avg: 255, var: 0 }],
				opacityEvolve: { transform: "quadratic", factor: -16 },
				gravityEffect: { avg: 0, var: 0 },
				velocity: [ { avg: 0, var: 0.0125 }, { avg: 0.03, var: 0.01 }, { avg: 0, var: 0.0125 }],
				quantity: { avg: 0.1 },
				size: { avg: 0.05, var: 0.025 },
				lifeLength: { avg: 0.5 },
				sizeEvolve: { transform: "linear", factor: 0.1 },
				particleModel: "Quad",
				vertexFlags: 128,
				windAffectednes: 0.05
			}		
		]
	},
	lightAbsorption: 0,
	sidesolid: {
		all: "false"
	},
	sideopaque: {
		all: "false"
	},
	lightHsvByType: {
		"*-lit-*": [7, 7, 11],
		"*-unlit-*": [0, 0, 0],
		"*-no-*": [0, 0, 0]
	},

	collisionbox: { x1: 0.45, y1: 0.25, z1: 0, x2: 0.55, y2: 0.7125, z2: 0.2875, rotateYByType: {  "*-south": 180, "*-east": 270, "*-west": 90 } },
	selectionbox: { x1: 0.45, y1: 0.25, z1: 0, x2: 0.55, y2: 0.7125, z2: 0.2875, rotateYByType: {  "*-south": 180, "*-east": 270, "*-west": 90 } }, 
	resistance: 3.5,
	sounds: {
		"place": "game:block/planks",
		"walk": "game:walk/wood"
	},
	guiTransform: {
		translation: { x: -19, y: 6, z: 0 },
		rotation: { x: -22.6, y: -130, z: 0 },
		scale: 2.76
	},
	groundTransform: {
		translation: { x: -0.1, y: 0.05, z: -0.3 },
		rotation: { x: 0, y: -45, z: -90 },
		origin: { x: 0.5, y: 0, z: 0.5 },
		scale: 3.77
	},
	tpHandTransform: {
		translation: { x: -0.8, y: -1.3, z: -1.1 },
		rotation: { x: 0, y: -61, z: 9 },
		scale: 0.5
	}
}