{
	code: "freezer",
	class: "freezer",
	entityClass: "befreezer",
	creativeinventory: { "general": ["*-melted-closed-north"], "decorative": ["*-melted-closed-north"], "zeekea": ["*-melted-closed-north"] },
	behaviors: [{ name: "HorizontalOrientable" }],
	blockmaterial: "Metal",
	variantgroups: [
		{ code: "status", states: ["frozen", "melted"] },
		{ code: "state", states: ["closed", "open"] },
		{ loadFromProperties: "abstract/horizontalorientation" }
	],
	drawtype: "json",
	texturesByType: {
		"*-frozen-*": { "normal2": { base: "game:block/snow/normal2" }},
		"*-melted-*": { "normal2": { base: "game:block/metal/sheet/copper2" }},
	},
	shapeByType: { 
		"*-closed-north": {
			base: "block/freezer_closed",
			rotateY: 0
		},
		"*-closed-east": {
			base: "block/freezer_closed",
			rotateY: 270
		},
		"*-closed-south": {
			base: "block/freezer_closed",
			rotateY: 180
		},
		"*-closed-west": {
			base: "block/freezer_closed",
			rotateY: 90
		},
		"*-open-north": {
			base: "block/freezer_open",
			rotateY: 0
		},
		"*-open-east": {
			base: "block/freezer_open",
			rotateY: 270
		},
		"*-open-south": {
			base: "block/freezer_open",
			rotateY: 180
		},
		"*-open-west": {
			base: "block/freezer_open",
			rotateY: 90
		}
	},
	lightAbsorption: 0,
	sidesolid: {
		all: "false",
		up: "true"
	},
	sideopaque: {
		all: "false",
		up: "true"
	},
	collisionbox: { x1: 0, y1: 0, z1: 0, x2: 1, y2: 1, z2: 1 },
	selectionbox: { x1: 0, y1: 0, z1: 0, x2: 1, y2: 1, z2: 1 },
	resistance: 3.5,
	sounds: {
		"place": "game:block/anvil",
		"walk": "game:walk/metal"
	},
	guiTransform: {
		rotation: { x: -22.6, y: -145, z: 0 }
	}

}