{
	code: "orebox",
	class: "orebox",
	entityClass: "beorebox",
	creativeinventory: { "general": ["*"], "decorative": ["*"], "zeekea": ["*"] },
	entityBehaviors: [{ name: "Animatable" }], 	
	blockmaterial: "Wood",
	variantgroups: [
		{ code: "wood", loadFromProperties: "block/wood" },
		{ code: "rock", loadFromProperties: "block/rock" }
	],
	drawtype: "json",
	textures: {
		"basalt4": { base: "game:block/stone/cobblestone/{rock}4" },
		"oak3": { base: "game:block/wood/planks/{wood}3" },
	},
	shape: { 
		base: "block/orebox",
	},
	lightAbsorption: 0,
	sidesolid: {
		all: "false"
	},
	sideopaque: {
		all: "false"
	},
	collisionbox: { x1: 0, y1: 0, z1: 0, x2: 1, y2: 1, z2: 1 },
	selectionbox: { x1: 0, y1: 0, z1: 0, x2: 1, y2: 1, z2: 1 },
	resistance: 1.5,
	sounds: {
		"place": "game:block/planks",
		"walk": "game:walk/wood"
	}
}