[
  {
    "ingredientPattern": "CP",
    "ingredients": {
      "C": {
        "type": "block",
        "code": "labeledchest-east",
        "attributes": { "type": "tinbronze" }

      },
      "P": {
        "type": "item",
        "code": "game:metalplate-iron"
      }

    },
    "width": 2,
    "height": 1,
    "shapeless": true,
    "output": {
      "type": "block",
      "code": "labeledchest-east",
      "attributes": { "type": "iron" }
    }
  },

  {
    "ingredientPattern": "CP",
    "ingredients": {
      "C": {
        "type": "block",
        "code": "labeledchest-east",
        "attributes": { "type": "bismuthbronze" }

      },
      "P": {
        "type": "item",
        "code": "game:metalplate-iron"
      }

    },
    "width": 2,
    "height": 1,
    "shapeless": true,
    "output": {
      "type": "block",
      "code": "labeledchest-east",
      "attributes": { "type": "iron" }
    }
  },

  {
    "ingredientPattern": "CP",
    "ingredients": {
      "C": {
        "type": "block",
        "code": "labeledchest-east",
        "attributes": { "type": "blackbronze" }

      },
      "P": {
        "type": "item",
        "code": "game:metalplate-iron"
      }

    },
    "width": 2,
    "height": 1,
    "shapeless": true,
    "output": {
      "type": "block",
      "code": "labeledchest-east",
      "attributes": { "type": "iron" }
    }
  },

  {
    "ingredientPattern": "SC",
    "ingredients": {
      "S": {
        "type": "block",
        "code": "game:sign-ground-north"
      },
      "C": {
        "type": "block",
        "code": "chest-east",
        "attributes": { "type": "iron" }
      }
    },
    "width": 1,
    "height": 2,
    "shapeless": true,
    "output": {
      "type": "block",
      "code": "labeledchest-east",
      "attributes": { "type": "iron" }
    }
  }
]