{
	code: "locust",
	variantgroups:  [ { code: "type", states: ["bronze", "corrupt", "corrupt-sawblade" ] } ] ,
	class: "EntityLocust",
	canClimb: true,
	canClimbAnywhere: true,
	climbTouchDistance: 0.1,
	rotateModelOnClimb: true,
	fallDamage: false,
	hitboxSize: { x: 0.65, y: 0.6 },
	deadHitboxSize: { x: 0.65, y: 0.5 },
	eyeHeight: 0.3,
	attributes: {
		spawnDamageParticles: true,
		isMechanical: true
	},
	dropsByType: {
	"locust-corrupt-sawblade": [
			{
				type: "item",
				code: "gear-rusty",
				quantity: { avg: 1, var: 1 }
			},
			{
				type: "block",
				code: "metal-parts",
				quantity: { avg: 0.5, var: 0.25 }
			},
			{
				type: "block",
				code: "metal-scraps",
				quantity: { avg: 0.75, var: 0.5 }
			},
			{
				type: "block", 
				code: "locustmod:ancientparts", 
				quantity: { avg: 1, var: 0 } 
			}
		],	
	"*-bronze": [
		{
			type: "block", 
			code: "game:metal-scraps", 
			quantity: { avg: 0.1, var: 0.0 } 
		},
		{
			type: "block", 
			code: "game:metal-parts", 
			quantity: { avg: 0.05, var: 0.0 } 
		},
		{
			type: "item", 
			code: "game:gear-rusty", 
			quantity: { avg: 0.25, var: 0 } 
		},
		{
			type: "block", 
			code: "locustmod:ancientparts", 
			quantity: { avg: 0.1, var: 0 } 
		}
	], 
	"*-corrupt": [
		{
			type: "block", 
			code: "game:metal-scraps", 
			quantity: { avg: 0.15, var: 0 } 
		},
		{
			type: "block", 
			code: "game:metal-parts", 
			quantity: { avg: 0.07, var: 0 } 
		},
		{
			type: "item", 
			code: "game:gear-rusty", 
			quantity: { avg: 0.35, var: 0 } 
		},
		{
			type: "block", 
			code: "locustmod:ancientparts", 
			quantity: { avg: 0.15, var: 0 } 
		}
		]
	},
	client: {
		renderer: "Shape",
		shape: { base: "entity/land/locust-{type}" },
		glowLevelByType: {
			"*-bronze": 16, 
			"*-corrupt": 16
		},
		behaviors: [
			{ code: "repulseagents" }, 
			{ code: "controlledphysics", stepHeight: 1.1251 }, 
			{ code: "floatupwhenstuck", onlyWhenDead: true },
			{ code: "interpolateposition" }
		],
		animations: [
			{
				code: "hurt",
				animation: "hurt",
				animationSpeed: 2.2,
				weight: 5,
				blendMode: "AddAverage"
			},
			{
				code: "die",
				animation: "die", 
				animationSpeed: 1.25,
				weight: 10,
				blendMode: "Average",
				triggeredBy: { onControls: ["dead"] }
			},
			{ 
				code: "idle", 
				animation: "idle",
				blendMode: "Average", 
				triggeredBy: { defaultAnim: true },
			}
		]
	},
	server: {
		behaviors: [
			{ code: "repulseagents" }, 
			{ code: "controlledphysics", stepHeight: 1.1251 },
			{ code: "health", 
				currenthealthByType: {
					"*-bronze": 6, 
					"*-corrupt": 12,
					"*-corrupt-sawblade": 40
				},
				maxhealthByType: {
					"*-bronze": 6, 
					"*-corrupt": 12,
					"*-corrupt-sawblade": 40
				}
			},
			{ code: "deaddecay", hoursToDecay: 24 },
			{ code: "floatupwhenstuck", onlyWhenDead: true },
			{ code: "despawn", minPlayerDistance: 48, minSecondsByType: { "*-corrupt-sawblade": 900, "*": 90 } },
			{
				code: "emotionstates",
				states: [ 
					{ code: "fleeondamage", duration: 10, chance: 0.2, slot: 0, priority: 1, accumType: "max" } 
				]
			},
			{
				code: "taskai",
				aitasks: [
					{
						code: "meleeattack",
						entityCodes: ["player"],
						priority: 3,
						damageByType: {
							"*-bronze": 1.5,
							"*-corrupt": 4,
							"*-corrupt-sawblade": 16,
						},
						damageTierByType: {
							"*-bronze": 1,
							"*-corrupt": 2,
							"*-corrupt-sawblade": 4,
						},
						mincooldown: 1500,
						maxcooldown: 1500,
						damageTypeByType: {
							"*-bronze": "PiercingAttack",
							"*-corrupt": "PiercingAttack",
							"*-corrupt-sawblade": "SlashingAttack"
						},
						damagePlayerAtMs: 600,
						attackDurationMs: 1000,
						animation: "attack",
						animationSpeed: 1.2,
						soundByType: {
							"*-corrupt-sawblade": "creature/locust/saw"
						},
						soundStartMs: 1000
					},
					{
						code: "stayclosetoentity",
						priority: 3,
						entityCode: "locust",
						movespeed: 0.015,
						maxDistance: 7,
						onlyIfLowerId: true,
						searchRange: 12,
						animation: "run",
						animationSpeed: 4
					},
					{
						code: "seekentity",
						entityCodes: ["player"],
						priority: 1.5,
						mincooldown: 500,
						maxcooldown: 1000,
						movespeed: 0.025,
						seekingRange: 15,
						maxFollowTime: 20,
						animationSpeed: 4.5,
						alarmHerd: true,
						leapAtTarget: true,
						leapAnimation: "jump",
						animation: "rundrill"
					},
					{
						code: "wander",
						priority: 1.3,
						priorityForCancel: 1.3,
						movespeed: 0.012,
						animationSpeed: 5,
						animation: "run",
						teleportWhenOutOfRange: true,
						teleportInGameHours: 1,
						maxDistanceToSpawn: 4
					},
					{
						code: "idle",
						priority: 1.2,
						priorityForCancel: 1.35,
						minduration: 10000,
						maxduration: 30000,
						mincooldown: 30000,
						maxcooldown: 60000,
						animation: "sleep",
						animationSpeed: 1.75
					},
					{
						code: "idle",
						priority: 1.2,
						priorityForCancel: 1.35,
						minduration: 2500,
						maxduration: 2500,
						mincooldown: 6000,
						maxcooldown: 20000,
						animation: "lookleft",
						animationSpeed: 1.25
					},
					{
						code: "idle",
						priority: 1.2,
						priorityForCancel: 1.35,
						minduration: 2500,
						maxduration: 2500,
						mincooldown: 6000,
						maxcooldown: 20000,
						animation: "lookright",
						animationSpeed: 1.25
					},
					{
						code: "idle",
						priority: 1.2,
						priorityForCancel: 1.35,
						minduration: 2500,
						maxduration: 2500,
						mincooldown: 6000,
						maxcooldown: 20000,
						animation: "idletwitch",
						animationSpeed: 1.25
					},
					{
						code: "idle",
						priority: 1.2,
						priorityForCancel: 1.25,
						minduration: 2500,
						maxduration: 2500,
						mincooldown: 6000,
						maxcooldown: 20000,
						animation: "idlecalm",
						animationSpeed: 1.25
					},
					{
						code: "wander",
						priority: 1.1,
						priorityForCancel: 1.1,
						movespeed: 0.006,
						animationSpeed: 1.5,
						animation: "run",
						preferredLightLevel: 7
					},
					{
						code: "wander",
						priority: 1.1,
						priorityForCancel: 1.1,
						movespeed: 0.001,
						animationSpeed: 1.5,
						animation: "walk",
						preferredLightLevel: 7
					},
					{
						code: "lookaround",
						priority: 0.5,
						animation: "breathecalm",
						animationSpeed: 1.25
					}
				]
			}
		],
		spawnconditionsByType: {
			"*-corrupt-sawblade": {
				runtime: {
					group: "hostile",
					maxQuantity: 3,
					maxLightLevel: 5,
					chance: 0.0015,
					lightLevelType: "MaxTimeOfDayLight",
					groupSize:{ dist: "invexp", avg: 1, var: 0 },
					insideBlockCodes: ["air"],
					maxY: 0.7,
				}
			}
		}
	},
	sounds: {
		hurt: "creature/locust/hurt",
		death: "creature/locust/death",
		idle: "creature/locust/idle"
	},
	idleSoundChance: 0.05
}