{
	"editor": {
		"allAngles": false,
		"singleTexture": false
	},
	"textureWidth": 16,
	"textureHeight": 16,
	"textures": {
		"string": "game:item/tool/material/string",
		"metal": "game:block/metal/ingot/steel",
		"handle": "game:item/tool/material/handle",
		"leather":  "game:block/leather"

	},
	"elements": [
		{
			"name": "origin",
			"from": [ 12.0, 0.5, 7.7 ], 
			"to": [ 12.0, 0.5, 7.7 ], 
			"rotationOrigin": [ 8.0, 0.0, 8.0 ],
			"faces": {
				"north": { "texture": "#string", "uv": [ 0.0, 0.0, 0.5, 0.5 ] },
				"east": { "texture": "#string", "uv": [ 0.0, 0.0, 0.5, 0.5 ] },
				"south": { "texture": "#string", "uv": [ 0.0, 0.0, 0.5, 0.5 ] },
				"west": { "texture": "#string", "uv": [ 0.0, 0.0, 0.5, 0.5 ] },
				"up": { "texture": "#string", "uv": [ 0.0, 0.0, 0.5, 0.5 ] },
				"down": { "texture": "#string", "uv": [ 0.0, 0.0, 0.5, 0.5 ] }
			},
			"children": [
				{
					"name": "handle",
					"from": [ -8.0, -0.5, -0.5 ], 
					"to": [ 8.0, 1.0, 1.0 ], 
					"rotationOrigin": [ -9.5, -8.0, 0.0 ],
					"faces": {
						"north": { "texture": "#handle", "uv": [ 0.0, 5.5, 16.0, 7.0 ] },
						"east": { "texture": "#handle", "uv": [ 7.0, 0.5, 8.5, 2.0 ] },
						"south": { "texture": "#handle", "uv": [ 0.0, 10.5, 16.0, 12.0 ] },
						"west": { "texture": "#handle", "uv": [ 14.0, 10.0, 15.5, 11.5 ] },
						"up": { "texture": "#handle", "uv": [ 0.0, 4.5, 16.0, 6.0 ] },
						"down": { "texture": "#handle", "uv": [ 0.0, 5.0, 16.0, 6.5 ] }
					},
					"children": [
						{
							"name": "Cube24",
							"from": [ 16.0, 0.5, 0.5 ], 
							"to": [ 18.5, 1.0, 1.0 ], 
							"rotationOrigin": [ 16.0, 0.5, 0.5 ],
							"faces": {
								"north": { "texture": "#handle", "uv": [ 12.5, 8.5, 15.0, 9.0 ] },
								"east": { "texture": "#handle", "uv": [ 14.5, 6.0, 15.0, 6.5 ] },
								"south": { "texture": "#handle", "uv": [ 2.5, 4.5, 5.0, 5.0 ] },
								"west": { "texture": "#handle", "uv": [ 0.0, 0.0, 0.5, 0.5 ] },
								"up": { "texture": "#handle", "uv": [ 3.0, 6.5, 5.5, 7.0 ] },
								"down": { "texture": "#handle", "uv": [ 0.0, 0.0, 2.5, 0.5 ] }
							}
						}
					]
				},
				{
					"name": "leather",
					"from": [ -18.7, -0.7, -0.6 ], 
					"to": [ -13.2, 1.1, 1.1 ], 
					"rotationOrigin": [ -18.7, -0.7, 0.9 ],
					"faces": {
						"north": { "texture": "#leather", "uv": [ 1.0, 0.0, 2.5, 5.5 ], "rotation": 90 },
						"east": { "texture": "#leather", "uv": [ 0.0, 0.0, 1.5, 1.5 ] },
						"south": { "texture": "#leather", "uv": [ 0.0, 0.0, 5.5, 1.5 ] },
						"west": { "texture": "#leather", "uv": [ 0.0, 0.0, 1.5, 1.5 ] },
						"up": { "texture": "#leather", "uv": [ 3.5, 0.0, 5.0, 5.5 ], "rotation": 90 },
						"down": { "texture": "#leather", "uv": [ 0.0, 0.0, 5.5, 1.5 ] }
					}
				},
				{
					"name": "handle 2",
					"from": [ -24.0, -0.5, -0.5 ], 
					"to": [ -8.0, 1.0, 1.0 ], 
					"rotationOrigin": [ -25.5, -8.0, 0.0 ],
					"faces": {
						"north": { "texture": "#handle", "uv": [ 0.0, 5.5, 16.0, 7.0 ] },
						"east": { "texture": "#handle", "uv": [ 0.5, 0.5, 2.0, 2.0 ] },
						"south": { "texture": "#handle", "uv": [ 0.0, 10.5, 16.0, 12.0 ] },
						"west": { "texture": "#handle", "uv": [ 14.0, 10.0, 15.5, 11.5 ] },
						"up": { "texture": "#handle", "uv": [ 0.0, 4.5, 16.0, 6.0 ] },
						"down": { "texture": "#handle", "uv": [ 0.0, 5.0, 16.0, 6.5 ] }
					}
				},
				{
					"name": "segment main11",
					"from": [ 8.0, -0.2, -0.3 ], 
					"to": [ 13.0, 0.8, 0.7 ], 
					"rotationOrigin": [ 8.0, -0.2, -0.3 ],
					"faces": {
						"north": { "texture": "#metal", "uv": [ 1.0, 3.5, 6.0, 4.5 ] },
						"east": { "texture": "#metal", "uv": [ 1.0, 2.0, 2.0, 3.0 ] },
						"south": { "texture": "#metal", "uv": [ 2.5, 4.5, 7.5, 5.5 ] },
						"west": { "texture": "#metal", "uv": [ 6.0, 2.0, 7.0, 3.0 ] },
						"up": { "texture": "#metal", "uv": [ 9.0, 2.5, 10.0, 7.5 ], "rotation": 90 },
						"down": { "texture": "#metal", "uv": [ 4.0, 3.0, 9.0, 4.0 ] }
					}
				},
				{
					"name": "segment main12",
					"from": [ 9.5, 0.0, -1.0 ], 
					"to": [ 14.5, 0.5, 1.5 ], 
					"rotationOrigin": [ 9.5, 0.0, -1.0 ],
					"faces": {
						"north": { "texture": "#metal", "uv": [ 1.0, 3.5, 6.0, 4.0 ] },
						"east": { "texture": "#metal", "uv": [ 1.0, 2.0, 3.5, 2.5 ] },
						"south": { "texture": "#metal", "uv": [ 2.5, 4.5, 7.5, 5.0 ] },
						"west": { "texture": "#metal", "uv": [ 6.0, 2.0, 8.5, 2.5 ] },
						"up": { "texture": "#metal", "uv": [ 9.0, 2.5, 11.5, 7.5 ], "rotation": 90 },
						"down": { "texture": "#metal", "uv": [ 4.0, 3.0, 9.0, 5.5 ] }
					}
				},
				{
					"name": "segment main13",
					"from": [ 5.0, -0.6, -0.6 ], 
					"to": [ 8.5, 1.1, 1.1 ], 
					"rotationOrigin": [ 5.0, -0.6, -0.6 ],
					"faces": {
						"north": { "texture": "#metal", "uv": [ 1.0, 3.5, 4.5, 5.0 ] },
						"east": { "texture": "#metal", "uv": [ 1.0, 2.0, 2.5, 3.5 ] },
						"south": { "texture": "#metal", "uv": [ 2.5, 4.5, 6.0, 6.0 ] },
						"west": { "texture": "#metal", "uv": [ 6.0, 2.0, 7.5, 3.5 ] },
						"up": { "texture": "#metal", "uv": [ 9.0, 2.5, 10.5, 6.0 ], "rotation": 90 },
						"down": { "texture": "#metal", "uv": [ 4.0, 3.0, 7.5, 4.5 ] }
					}
				},
				{
					"name": "segment main18",
					"from": [ 5.5, 0.1, -3.0 ], 
					"to": [ 6.0, 0.6, 3.5 ], 
					"rotationOrigin": [ 5.5, 0.1, -3.0 ],
					"faces": {
						"north": { "texture": "#metal", "uv": [ 1.0, 3.5, 1.5, 4.0 ] },
						"east": { "texture": "#metal", "uv": [ 1.0, 2.0, 7.5, 2.5 ] },
						"south": { "texture": "#metal", "uv": [ 2.5, 4.5, 3.0, 5.0 ] },
						"west": { "texture": "#metal", "uv": [ 6.0, 2.0, 12.5, 2.5 ] },
						"up": { "texture": "#metal", "uv": [ 9.0, 2.5, 15.5, 3.0 ], "rotation": 90 },
						"down": { "texture": "#metal", "uv": [ 4.0, 3.0, 4.5, 9.5 ] }
					}
				},
				{
					"name": "string 26",
					"from": [ -18.2, -0.8, -0.7 ], 
					"to": [ -17.7, 1.2, 1.3 ], 
					"rotationOrigin": [ -18.2, -0.8, 0.8 ],
					"faces": {
						"north": { "texture": "#string", "uv": [ 7.5, 1.0, 9.5, 1.5 ], "rotation": 90 },
						"east": { "texture": "#string", "uv": [ 0.0, 2.0, 2.0, 4.0 ] },
						"south": { "texture": "#string", "uv": [ 6.0, 3.5, 8.0, 4.0 ], "rotation": 90 },
						"west": { "texture": "#string", "uv": [ 3.0, 2.5, 5.0, 4.5 ] },
						"up": { "texture": "#string", "uv": [ 6.5, 1.0, 8.5, 1.5 ], "rotation": 90 },
						"down": { "texture": "#string", "uv": [ 7.0, 2.0, 9.0, 2.5 ], "rotation": 90 }
					}
				},
				{
					"name": "string 28",
					"from": [ -14.2, -0.8, -0.7 ], 
					"to": [ -13.7, 1.2, 1.2 ], 
					"rotationOrigin": [ -14.2, -0.8, 0.8 ],
					"faces": {
						"north": { "texture": "#string", "uv": [ 8.5, 0.5, 10.5, 1.0 ], "rotation": 90 },
						"east": { "texture": "#string", "uv": [ 0.0, 0.0, 1.5, 2.0 ] },
						"south": { "texture": "#string", "uv": [ 1.0, 0.5, 3.0, 1.0 ], "rotation": 90 },
						"west": { "texture": "#string", "uv": [ 2.0, 2.5, 3.5, 4.5 ] },
						"up": { "texture": "#string", "uv": [ 0.0, 0.0, 0.5, 1.5 ] },
						"down": { "texture": "#string", "uv": [ 0.0, 0.0, 0.5, 1.5 ] }
					}
				},
				{
					"name": "segment main21",
					"from": [ 14.5, 0.0, -0.5 ], 
					"to": [ 15.5, 0.5, 1.0 ], 
					"rotationOrigin": [ 14.5, 0.0, -0.5 ],
					"faces": {
						"north": { "texture": "#metal", "uv": [ 1.0, 3.5, 2.0, 4.0 ] },
						"east": { "texture": "#metal", "uv": [ 1.0, 2.0, 2.5, 2.5 ] },
						"south": { "texture": "#metal", "uv": [ 2.5, 4.5, 3.5, 5.0 ] },
						"west": { "texture": "#metal", "uv": [ 6.0, 2.0, 7.5, 2.5 ] },
						"up": { "texture": "#metal", "uv": [ 9.0, 2.5, 10.5, 3.5 ], "rotation": 90 },
						"down": { "texture": "#metal", "uv": [ 4.0, 3.0, 5.0, 4.5 ] }
					}
				},
				{
					"name": "segment main15",
					"from": [ 15.5, 0.1, -0.2 ], 
					"to": [ 16.5, 0.4, 0.7 ], 
					"rotationOrigin": [ 15.5, 0.1, -0.2 ],
					"faces": {
						"north": { "texture": "#metal", "uv": [ 1.0, 3.5, 2.0, 4.0 ] },
						"east": { "texture": "#metal", "uv": [ 1.0, 2.0, 1.5, 2.5 ] },
						"south": { "texture": "#metal", "uv": [ 2.5, 4.5, 3.5, 5.0 ] },
						"west": { "texture": "#metal", "uv": [ 6.0, 2.0, 6.5, 2.5 ] },
						"up": { "texture": "#metal", "uv": [ 9.0, 2.5, 9.5, 3.5 ], "rotation": 90 },
						"down": { "texture": "#metal", "uv": [ 4.0, 3.0, 5.0, 3.5 ] }
					}
				},
				{
					"name": "segment main16",
					"from": [ 16.5, 0.2, 0.0 ], 
					"to": [ 17.5, 0.3, 0.5 ], 
					"rotationOrigin": [ 16.5, 0.2, 0.0 ],
					"faces": {
						"north": { "texture": "#metal", "uv": [ 1.0, 3.5, 2.0, 4.0 ] },
						"east": { "texture": "#metal", "uv": [ 1.0, 2.0, 1.5, 2.5 ] },
						"south": { "texture": "#metal", "uv": [ 2.5, 4.5, 3.5, 5.0 ] },
						"west": { "texture": "#metal", "uv": [ 6.0, 2.0, 6.5, 2.5 ] },
						"up": { "texture": "#metal", "uv": [ 9.0, 2.5, 9.5, 3.5 ], "rotation": 90 },
						"down": { "texture": "#metal", "uv": [ 4.0, 3.0, 5.0, 3.5 ] }
					}
				},
				{
					"name": "segment main17",
					"from": [ 10.0, 0.1, -1.5 ], 
					"to": [ 13.0, 0.4, 2.0 ], 
					"rotationOrigin": [ 10.0, 0.1, -1.5 ],
					"faces": {
						"north": { "texture": "#metal", "uv": [ 1.0, 3.5, 4.0, 4.0 ] },
						"east": { "texture": "#metal", "uv": [ 1.0, 2.0, 4.5, 2.5 ] },
						"south": { "texture": "#metal", "uv": [ 2.5, 4.5, 5.5, 5.0 ] },
						"west": { "texture": "#metal", "uv": [ 6.0, 2.0, 9.5, 2.5 ] },
						"up": { "texture": "#metal", "uv": [ 9.0, 2.5, 12.5, 5.5 ], "rotation": 90 },
						"down": { "texture": "#metal", "uv": [ 4.0, 3.0, 7.0, 6.5 ] }
					}
				}
			]
		}
	]}