{
	"editor": {
		"allAngles": false,
		"singleTexture": false
	},
	"textureWidth": 16,
	"textureHeight": 16,
	"textures": {
		"other": "block/clay/ceramic",
		"floor": "block/clay/ceramic-dark"
	},
	"elements": [
		{
			"name": "Cube1",
			"from": [ 3.0, 0.0, 2.0 ],
			"to": [ 12.0, 1.0, 14.0 ],
			"rotationOrigin": [ -3.0, 0.0, 0.0 ],
			"faces": {
				"north": {
					"texture": "#other",
					"uv": [ 0.0, 12.0, 9.0, 13.0 ],
					"enabled": false
				},
				"east": {
					"texture": "#other",
					"uv": [ 2.0, 12.0, 14.0, 13.0 ],
					"enabled": false
				},
				"south": {
					"texture": "#other",
					"uv": [ 2.0, 15.0, 11.0, 16.0 ],
					"enabled": false
				},
				"west": {
					"texture": "#other",
					"uv": [ 2.0, 15.0, 14.0, 16.0 ],
					"enabled": false
				},
				"up": {
					"texture": "#floor",
					"uv": [ 9.0, 3.0, 18.0, 15.0 ]
				},
				"down": {
					"texture": "#other",
					"uv": [ 12.0, 3.0, 21.0, 15.0 ]
				}
			},
			"children": [
				{
					"name": "Cube2",
					"from": [ 2.0, 0.0, -1.0 ],
					"to": [ 8.0, 2.0, 0.0 ],
					"rotationOrigin": [ 2.0, 0.0, 0.0 ],
					"faces": {
						"north": {
							"texture": "#other",
							"uv": [ 3.0, 8.0, 9.0, 10.0 ]
						},
						"east": {
							"texture": "#other",
							"uv": [ 12.0, 2.0, 13.0, 4.0 ],
							"enabled": false
						},
						"south": {
							"texture": "#other",
							"uv": [ 6.0, 8.0, 12.0, 10.0 ]
						},
						"west": {
							"texture": "#other",
							"uv": [ 14.0, 2.0, 15.0, 4.0 ],
							"enabled": false
						},
						"up": {
							"texture": "#other",
							"uv": [ 3.0, 7.0, 9.0, 8.0 ]
						},
						"down": {
							"texture": "#other",
							"uv": [ 6.0, 7.0, 12.0, 8.0 ]
						}
					}
				},
				{
					"name": "Cube3",
					"from": [ 2.0, 0.0, 12.0 ],
					"to": [ 8.0, 2.0, 13.0 ],
					"rotationOrigin": [ 2.0, 0.0, 0.0 ],
					"faces": {
						"north": {
							"texture": "#other",
							"uv": [ 4.0, 8.0, 10.0, 10.0 ]
						},
						"east": {
							"texture": "#other",
							"uv": [ 12.0, 2.0, 13.0, 4.0 ],
							"enabled": false
						},
						"south": {
							"texture": "#other",
							"uv": [ 7.0, 8.0, 13.0, 10.0 ]
						},
						"west": {
							"texture": "#other",
							"uv": [ 15.0, 2.0, 16.0, 4.0 ],
							"enabled": false
						},
						"up": {
							"texture": "#other",
							"uv": [ 4.0, 7.0, 10.0, 8.0 ]
						},
						"down": {
							"texture": "#other",
							"uv": [ 7.0, 7.0, 13.0, 8.0 ]
						}
					}
				},
				{
					"name": "Cube4",
					"from": [ -2.0, 0.0, -1.0 ],
					"to": [ 2.0, 2.0, 13.0 ],
					"rotationOrigin": [ 3.0, 0.0, 0.0 ],
					"faces": {
						"north": {
							"texture": "#other",
							"uv": [ 0.0, 14.0, 4.0, 16.0 ]
						},
						"east": {
							"texture": "#other",
							"uv": [ 2.0, 14.0, 16.0, 16.0 ],
							"autoUv": false
						},
						"south": {
							"texture": "#other",
							"uv": [ 9.0, 14.0, 11.0, 16.0 ],
							"autoUv": false
						},
						"west": {
							"texture": "#other",
							"uv": [ 2.0, 14.0, 16.0, 16.0 ],
							"autoUv": false
						},
						"up": {
							"texture": "#other",
							"uv": [ 0.0, 0.0, 4.0, 14.0 ]
						},
						"down": {
							"texture": "#other",
							"uv": [ 5.0, 0.0, 9.0, 14.0 ]
						}
					}
				},
				{
					"name": "Cube5",
					"from": [ 8.0, 0.0, -1.0 ],
					"to": [ 12.0, 2.0, 13.0 ],
					"rotationOrigin": [ 5.0, 0.0, 0.0 ],
					"faces": {
						"north": {
							"texture": "#other",
							"uv": [ 0.0, 14.0, 4.0, 16.0 ]
						},
						"east": {
							"texture": "#other",
							"uv": [ 1.0, 11.0, 15.0, 13.0 ],
							"autoUv": false
						},
						"south": {
							"texture": "#other",
							"uv": [ 13.0, 14.0, 16.0, 16.0 ],
							"autoUv": false
						},
						"west": {
							"texture": "#other",
							"uv": [ 2.0, 14.0, 16.0, 16.0 ],
							"autoUv": false
						},
						"up": {
							"texture": "#other",
							"uv": [ 0.0, 0.0, 4.0, 14.0 ]
						},
						"down": {
							"texture": "#other",
							"uv": [ 6.0, 0.0, 10.0, 14.0 ]
						}
					}
				},
				{
					"name": "Cube7",
					"from": [ 7.0, 1.0, 1.0 ],
					"to": [ 8.0, 2.0, 2.0 ],
					"rotationOrigin": [ 5.0, 0.0, 1.0 ],
					"faces": {
						"north": {
							"texture": "#other",
							"uv": [ 4.0, 5.0, 5.0, 6.0 ]
						},
						"east": {
							"texture": "#other",
							"uv": [ 5.0, 5.0, 6.0, 6.0 ]
						},
						"south": {
							"texture": "#other",
							"uv": [ 6.0, 5.0, 7.0, 6.0 ]
						},
						"west": {
							"texture": "#other",
							"uv": [ 7.0, 5.0, 8.0, 6.0 ]
						},
						"up": {
							"texture": "#other",
							"uv": [ 4.0, 4.0, 5.0, 5.0 ]
						},
						"down": {
							"texture": "#other",
							"uv": [ 5.0, 4.0, 6.0, 5.0 ]
						}
					}
				},
				{
					"name": "Cube9",
					"from": [ 7.0, 1.0, 7.0 ],
					"to": [ 8.0, 2.0, 11.0 ],
					"rotationOrigin": [ 5.0, 0.0, -3.0 ],
					"faces": {
						"north": {
							"texture": "#other",
							"uv": [ 2.0, 8.0, 3.0, 9.0 ]
						},
						"east": {
							"texture": "#other",
							"uv": [ 3.0, 8.0, 7.0, 9.0 ]
						},
						"south": {
							"texture": "#other",
							"uv": [ 5.0, 8.0, 6.0, 9.0 ]
						},
						"west": {
							"texture": "#other",
							"uv": [ 6.0, 8.0, 10.0, 9.0 ]
						},
						"up": {
							"texture": "#other",
							"uv": [ 2.0, 6.0, 3.0, 10.0 ]
						},
						"down": {
							"texture": "#other",
							"uv": [ 3.0, 6.0, 4.0, 10.0 ]
						}
					}
				},
				{
					"name": "Cube8",
					"from": [ 4.0, 1.0, 1.0 ],
					"to": [ 6.0, 2.0, 11.0 ],
					"rotationOrigin": [ 4.0, 1.0, 1.0 ],
					"faces": {
						"north": {
							"texture": "#other",
							"uv": [ 0.0, 0.0, 2.0, 1.0 ]
						},
						"east": {
							"texture": "#other",
							"uv": [ 0.0, 0.0, 10.0, 1.0 ]
						},
						"south": {
							"texture": "#other",
							"uv": [ 0.0, 0.0, 2.0, 1.0 ]
						},
						"west": {
							"texture": "#other",
							"uv": [ 0.0, 0.0, 10.0, 1.0 ]
						},
						"up": {
							"texture": "#other",
							"uv": [ 0.0, 0.0, 2.0, 10.0 ]
						},
						"down": {
							"texture": "#other",
							"uv": [ 0.0, 0.0, 2.0, 10.0 ]
						}
					}
				},
				{
					"name": "Cube12",
					"from": [ 3.0, 1.0, 7.0 ],
					"to": [ 4.0, 2.0, 11.0 ],
					"rotationOrigin": [ 1.0, 0.0, -3.0 ],
					"faces": {
						"north": {
							"texture": "#other",
							"uv": [ 2.0, 8.0, 3.0, 9.0 ]
						},
						"east": {
							"texture": "#other",
							"uv": [ 3.0, 8.0, 7.0, 9.0 ]
						},
						"south": {
							"texture": "#other",
							"uv": [ 5.0, 8.0, 6.0, 9.0 ]
						},
						"west": {
							"texture": "#other",
							"uv": [ 6.0, 8.0, 10.0, 9.0 ]
						},
						"up": {
							"texture": "#other",
							"uv": [ 2.0, 6.0, 3.0, 10.0 ]
						},
						"down": {
							"texture": "#other",
							"uv": [ 3.0, 6.0, 4.0, 10.0 ]
						}
					}
				},
				{
					"name": "Cube13",
					"from": [ 3.0, 1.0, 1.0 ],
					"to": [ 4.0, 2.0, 2.0 ],
					"rotationOrigin": [ 1.0, 0.0, 1.0 ],
					"faces": {
						"north": {
							"texture": "#other",
							"uv": [ 4.0, 5.0, 5.0, 6.0 ]
						},
						"east": {
							"texture": "#other",
							"uv": [ 5.0, 5.0, 6.0, 6.0 ]
						},
						"south": {
							"texture": "#other",
							"uv": [ 6.0, 5.0, 7.0, 6.0 ]
						},
						"west": {
							"texture": "#other",
							"uv": [ 7.0, 5.0, 8.0, 6.0 ]
						},
						"up": {
							"texture": "#other",
							"uv": [ 4.0, 4.0, 5.0, 5.0 ]
						},
						"down": {
							"texture": "#other",
							"uv": [ 5.0, 4.0, 6.0, 5.0 ]
						}
					}
				},
				{
					"name": "Cube11",
					"from": [ 2.0, 1.0, 11.0 ],
					"to": [ 8.0, 2.0, 12.0 ],
					"rotationOrigin": [ 2.0, 1.0, 11.0 ],
					"faces": {
						"north": {
							"texture": "#other",
							"uv": [ 0.0, 0.0, 6.0, 1.0 ]
						},
						"east": {
							"texture": "#other",
							"uv": [ 0.0, 0.0, 1.0, 1.0 ]
						},
						"south": {
							"texture": "#other",
							"uv": [ 0.0, 0.0, 6.0, 1.0 ]
						},
						"west": {
							"texture": "#other",
							"uv": [ 0.0, 0.0, 1.0, 1.0 ]
						},
						"up": {
							"texture": "#other",
							"uv": [ 0.0, 0.0, 6.0, 1.0 ]
						},
						"down": {
							"texture": "#other",
							"uv": [ 0.0, 0.0, 6.0, 1.0 ]
						}
					}
				},
				{
					"name": "Cube10",
					"from": [ 2.0, 1.0, 0.0 ],
					"to": [ 8.0, 2.0, 1.0 ],
					"rotationOrigin": [ 2.0, 1.0, 0.0 ],
					"faces": {
						"north": {
							"texture": "#other",
							"uv": [ 0.0, 0.0, 6.0, 1.0 ]
						},
						"east": {
							"texture": "#other",
							"uv": [ 0.0, 0.0, 1.0, 1.0 ]
						},
						"south": {
							"texture": "#other",
							"uv": [ 0.0, 0.0, 6.0, 1.0 ]
						},
						"west": {
							"texture": "#other",
							"uv": [ 0.0, 0.0, 1.0, 1.0 ]
						},
						"up": {
							"texture": "#other",
							"uv": [ 0.0, 0.0, 6.0, 1.0 ]
						},
						"down": {
							"texture": "#other",
							"uv": [ 0.0, 0.0, 6.0, 1.0 ]
						}
					}
				}
			]
		}
	]
}