{
	code: "briquette",
	textures: {
		"0": {base: "block/soil/briquette"},
	},
	attributes: {
		 "firepitConstructable": true,
	},
  "shape": { base:"game:block/peatbrick" },
	creativeinventory: { "general": ["*"], "items": ["*"] },
	maxStackSize: 32,
	combustibleProps: {
		burnTemperature: 1100,
		burnDuration: 30,
	},
	guiTransform: {
		rotation: { x: 150, y: -53, z: -6 },
		origin: { x: 0.5, y: 0.125, z: 0.5 },
		scale: 2.65
	},
	groundTransform: {
		translation: { x: 0, y: -0.23, z: 0 },
		rotation: { x: 180, y: 0, z: 1 },
		origin: { x: 0.5, y: 0.5, z: 0.5299 },
		scale: 3.25
	},
	fpHandTransform: {
		translation: { x: -0.2, y: 0.4, z: 0.6 },
		rotation: { x: -5, y: 15, z: 7 },
		origin: { x: 0.5, y: 0, z: 0.5 },
		scale: 1.54
	},
	tpHandTransform: {
		translation: { x: -0.66, y: 0, z: -0.51 },
		rotation: { x: -77, y: 59, z: -1 },
		origin: { x: 0.5, y: 0, z: 0.5 },
		scale: 0.73
	}
}