[
  {
    "op": "add",
    "path": "/climbable",
    "value": "true",
    "file": "blocktypes/plant/wildvine.json"
  },
  {
    "op": "add",
    "path": "/collisionboxByType",
    "value": { 
		"wildvine-*-north" : { x1: 0, y1: 0, z1: 0, x2: 1, y2: 1, z2: 0.025, rotateY: 180 },
		"wildvine-*-east" : { x1: 0, y1: 0, z1: 0, x2: 1, y2: 1, z2: 0.025, rotateY: 90 },
		"wildvine-*-south" : { x1: 0, y1: 0, z1: 0, x2: 1, y2: 1, z2: 0.025 },
		"wildvine-*-west" : { x1: 0, y1: 0, z1: 0, x2: 1, y2: 1, z2: 0.025, rotateY: 270 },
	},
    "file": "blocktypes/plant/wildvine.json"
  }
]