﻿{
	code: "chiselplasterfency",
	class: "ChiselableBlock",
	attributes: {
		canChisel: true,
		handbook: {
			groupBy: ["chiselplasterfency-*"],
			createdBy:""
		},
		createdByText : "workbench-expansion-crafting",
    },

	behaviors: [{name: "Pillar"}],
	variantgroups: [
		{ code: "type", states: ["diagonal", "stripes"] },
		{ code: "rotation", states: ["ud", "ns", "we"] },
	],
	shapeByType: {
		"*-ud": { base: "block/chiselplaster" },
		"*-ns": { base: "block/chiselplaster", rotateX: 90 },
		"*-we": { base: "block/chiselplaster", rotateZ: 90 }
	},
	blockmaterial: "Stone",
	creativeinventory: { "general": ["*-ud"], "construction": ["*-ud"] },

	replaceable: 500,
	resistance: 1.5,
	lightAbsorption: 99,
	heldTpIdleAnimation: "holdbothhandslarge", heldTpUseAnimation: "twohandplaceblock",
	dropsByType: {
		"chiselplasterfency-diagonal-*": [ { type: "block", code: "chiselplasterfency-diagonal-ud" } ],
		"chiselplasterfency-stripes-*": [ { type: "block", code: "chiselplasterfency-stripes-ud" } ],
	},
	textures: {
		type: { base: "game:block/stone/plaster/{type}" },
	},
	sounds: {
		walk: "walk/stone",
	},
	tpHandTransform: {
		translation: { x: -1.2, y: -1.1, z: -0.8 },
		rotation: { x: -2, y: 25, z: -78 },
		scale: 0.37
	}
}