[
  {
    "ingredientPattern": "C",
    "ingredients": {
      "C": {
        "type": "block",
        "code": "chest-east",
        "attributes": { "type": "birch" }
      }
    },
    "width": 1,
    "height": 1,
    "output": { "type": "item", "code": "game:plank-birch", "quantity": 8 }
  },
  {
    "ingredientPattern": "C",
    "ingredients": {
      "C": {
        "type": "block",
        "code": "chest-east",
        "attributes": { "type": "maple" }
      }
    },
    "width": 1,
    "height": 1,
    "output": { "type": "item", "code": "game:plank-maple", "quantity": 8 }
  },
  {
    "ingredientPattern": "C",
    "ingredients": {
      "C": {
        "type": "block",
        "code": "chest-east",
        "attributes": { "type": "pine" }
      }
    },
    "width": 1,
    "height": 1,
    "output": { "type": "item", "code": "game:plank-pine", "quantity": 8 }
  },
  {
    "ingredientPattern": "C",
    "ingredients": {
      "C": {
        "type": "block",
        "code": "chest-east",
        "attributes": { "type": "acacia" }
      }
    },
    "width": 1,
    "height": 1,
    "output": { "type": "item", "code": "game:plank-acacia", "quantity": 8 }
  },
  {
    "ingredientPattern": "C",
    "ingredients": {
      "C": {
        "type": "block",
        "code": "chest-east",
        "attributes": { "type": "kapok" }
      }
    },
    "width": 1,
    "height": 1,
    "output": { "type": "item", "code": "game:plank-kapok", "quantity": 8 }
  },
  {
    "ingredientPattern": "C",
    "ingredients": {
      "C": {
        "type": "block",
        "code": "chest-east",
        "attributes": { "type": "aged" }
      }
    },
    "width": 1,
    "height": 1,
    "output": { "type": "item", "code": "game:plank-aged", "quantity": 8 }
  },
  {
    "ingredientPattern": "C",
    "ingredients": {
      "C": {
        "type": "block",
        "code": "labeledchest-east",
        "attributes": { "type": "birch-labeled" }
      }
    },
    "width": 1,
    "height": 1,
    "output": { "type": "item", "code": "game:plank-birch", "quantity": 10 }
  },
  {
    "ingredientPattern": "C",
    "ingredients": {
      "C": {
        "type": "block",
        "code": "labeledchest-east",
        "attributes": { "type": "maple-labeled" }
      }
    },
    "width": 1,
    "height": 1,
    "output": { "type": "item", "code": "game:plank-maple", "quantity": 10 }
  },
  {
    "ingredientPattern": "C",
    "ingredients": {
      "C": {
        "type": "block",
        "code": "labeledchest-east",
        "attributes": { "type": "pine-labeled" }
      }
    },
    "width": 1,
    "height": 1,
    "output": { "type": "item", "code": "game:plank-pine", "quantity": 10 }
  },
  {
    "ingredientPattern": "C",
    "ingredients": {
      "C": {
        "type": "block",
        "code": "labeledchest-east",
        "attributes": { "type": "acacia-labeled" }
      }
    },
    "width": 1,
    "height": 1,
    "output": { "type": "item", "code": "game:plank-acacia", "quantity": 10 }
  },
  {
    "ingredientPattern": "C",
    "ingredients": {
      "C": {
        "type": "block",
        "code": "labeledchest-east",
        "attributes": { "type": "kapok-labeled" }
      }
    },
    "width": 1,
    "height": 1,
    "output": { "type": "item", "code": "game:plank-kapok", "quantity": 10 }
  },
  {
    "ingredientPattern": "C",
    "ingredients": {
      "C": {
        "type": "block",
        "code": "labeledchest-east",
        "attributes": { "type": "aged-labeled" }
      }
    },
    "width": 1,
    "height": 1,
    "output": { "type": "item", "code": "game:plank-aged", "quantity": 10 }
  },
  {
    "ingredientPattern": "C",
    "ingredients": {
      "C": {
        "type": "block",
        "code": "chest-*-east",
        "attributes": { "type": "normal" },
        "name": "type"
      }
    },
    "width": 1,
    "height": 1,
    "output": { "type": "item", "code": "game:plank-{type}", "quantity": 8 }
  },
  {
    "ingredientPattern": "C",
    "ingredients": {
      "C": {
        "type": "block",
        "code": "labeledchest-*-east",
        "attributes": { "type": "normal" },
        "name": "type"
      }
    },
    "width": 1,
    "height": 1,
    "output": { "type": "item", "code": "game:plank-{type}", "quantity": 10 }
  }
]
