{
	"editor": {
		"allAngles": false,
		"singleTexture": false
	},
	"textureWidth": 16,
	"textureHeight": 16,
	"textures": {
		"string": "item/tool/material/string",
		"metal": "block/metal/sheet/iron1",
		"handle": "item/tool/material/handle"
	},
	"elements": [
		{
			"name": "origin",
			"from": [ 8.0, 0.7, 7.7 ], 
			"to": [ 8.0, 0.7, 7.7 ], 
			"rotationOrigin": [ 8.0, 0.0, 8.0 ],
			"faces": {
				"north": { "texture": "#string", "uv": [ 0.0, 0.0, 0.5, 0.5 ] },
				"east": { "texture": "#string", "uv": [ 0.0, 0.0, 0.5, 0.5 ] },
				"south": { "texture": "#string", "uv": [ 0.0, 0.0, 0.5, 0.5 ] },
				"west": { "texture": "#string", "uv": [ 0.0, 0.0, 0.5, 0.5 ] },
				"up": { "texture": "#string", "uv": [ 0.0, 0.0, 0.5, 0.5 ] },
				"down": { "texture": "#string", "uv": [ 0.0, 0.0, 0.5, 0.5 ] }
			},
			"children": [
				{
					"name": "handle",
					"from": [ -8.0, -0.5, -0.5 ], 
					"to": [ -5.0, 1.0, 1.0 ], 
					"rotationOrigin": [ -9.5, -8.0, 0.0 ],
					"faces": {
						"north": { "texture": "#handle", "uv": [ 0.0, 5.5, 3.0, 7.0 ] },
						"east": { "texture": "#handle", "uv": [ 0.5, 0.5, 2.0, 2.0 ] },
						"south": { "texture": "#handle", "uv": [ 0.0, 10.5, 3.0, 12.0 ] },
						"west": { "texture": "#handle", "uv": [ 14.0, 10.0, 15.5, 11.5 ] },
						"up": { "texture": "#handle", "uv": [ 0.0, 4.5, 3.0, 6.0 ] },
						"down": { "texture": "#handle", "uv": [ 0.0, 5.0, 3.0, 6.5 ] }
					},
					"children": [
						{
							"name": "butterfly",
							"from": [ 3.0, -0.2, -0.2 ], 
							"to": [ 4.0, 1.8, 1.8 ], 
							"rotationOrigin": [ 3.0, -0.2, -0.2 ],
							"faces": {
								"north": { "texture": "#handle", "uv": [ 0.0, 0.0, 1.0, 2.0 ] },
								"east": { "texture": "#handle", "uv": [ 0.0, 0.0, 2.0, 2.0 ] },
								"south": { "texture": "#handle", "uv": [ 0.0, 0.0, 1.0, 2.0 ] },
								"west": { "texture": "#handle", "uv": [ 0.0, 0.0, 2.0, 2.0 ] },
								"up": { "texture": "#handle", "uv": [ 1.0, 3.5, 3.0, 4.5 ], "rotation": 90 },
								"down": { "texture": "#handle", "uv": [ 0.0, 0.0, 1.0, 2.0 ] }
							},
							"children": [
								{
									"name": "L wing 1",
									"from": [ 1.0, 0.7, -0.5 ], 
									"to": [ 3.0, 1.2, 0.5 ], 
									"rotationOrigin": [ 1.0, 0.7, 0.5 ],
									"rotationY": 55.0,
									"faces": {
										"north": { "texture": "#handle", "uv": [ 0.0, 0.0, 2.0, 0.5 ] },
										"east": { "texture": "#handle", "uv": [ 0.0, 0.0, 1.0, 0.5 ] },
										"south": { "texture": "#handle", "uv": [ 0.0, 0.0, 2.0, 0.5 ] },
										"west": { "texture": "#handle", "uv": [ 0.0, 0.0, 1.0, 0.5 ] },
										"up": { "texture": "#handle", "uv": [ 8.0, 0.5, 10.0, 1.5 ] },
										"down": { "texture": "#handle", "uv": [ 0.0, 0.0, 2.0, 1.0 ] }
									}
								},
								{
									"name": "L wing 2",
									"from": [ 1.0, 0.6, -0.8 ], 
									"to": [ 2.5, 1.1, 0.2 ], 
									"rotationOrigin": [ 1.0, 0.6, 0.2 ],
									"rotationY": 114.0,
									"faces": {
										"north": { "texture": "#handle", "uv": [ 0.0, 0.0, 1.5, 0.5 ] },
										"east": { "texture": "#handle", "uv": [ 0.0, 0.0, 1.0, 0.5 ] },
										"south": { "texture": "#handle", "uv": [ 0.0, 0.0, 1.5, 0.5 ] },
										"west": { "texture": "#handle", "uv": [ 0.0, 0.0, 1.0, 0.5 ] },
										"up": { "texture": "#handle", "uv": [ 7.5, 0.0, 9.0, 1.0 ] },
										"down": { "texture": "#handle", "uv": [ 0.0, 0.0, 1.5, 1.0 ] }
									}
								},
								{
									"name": "R wing 1",
									"from": [ 1.0, 0.7, 1.5 ], 
									"to": [ 3.0, 1.2, 2.5 ], 
									"rotationOrigin": [ 1.0, 0.7, 1.5 ],
									"rotationY": -54.999992312920796,
									"faces": {
										"north": { "texture": "#handle", "uv": [ 0.0, 0.0, 2.0, 0.5 ] },
										"east": { "texture": "#handle", "uv": [ 0.0, 0.0, 1.0, 0.5 ] },
										"south": { "texture": "#handle", "uv": [ 0.0, 0.0, 2.0, 0.5 ] },
										"west": { "texture": "#handle", "uv": [ 0.0, 0.0, 1.0, 0.5 ] },
										"up": { "texture": "#handle", "uv": [ 5.0, 6.0, 7.0, 7.0 ] },
										"down": { "texture": "#handle", "uv": [ 0.0, 0.0, 2.0, 1.0 ] }
									}
								},
								{
									"name": "R wing 2",
									"from": [ 1.0, 0.6, 1.8 ], 
									"to": [ 2.5, 1.1, 2.8 ], 
									"rotationOrigin": [ 1.0, 0.6, 1.8 ],
									"rotationX": -179.99999011687993,
									"rotationY": -66.00000083725327,
									"rotationZ": -179.99999011687993,
									"faces": {
										"north": { "texture": "#handle", "uv": [ 0.0, 0.0, 1.5, 0.5 ] },
										"east": { "texture": "#handle", "uv": [ 0.0, 0.0, 1.0, 0.5 ] },
										"south": { "texture": "#handle", "uv": [ 0.0, 0.0, 1.5, 0.5 ] },
										"west": { "texture": "#handle", "uv": [ 0.0, 0.0, 1.0, 0.5 ] },
										"up": { "texture": "#handle", "uv": [ 7.0, 13.5, 8.5, 14.5 ] },
										"down": { "texture": "#handle", "uv": [ 0.0, 0.0, 1.5, 1.0 ] }
									}
								},
								{
									"name": "base",
									"from": [ 1.0, 0.5, 0.2 ], 
									"to": [ 2.5, 1.5, 1.7 ], 
									"rotationOrigin": [ 1.0, 0.5, 0.2 ],
									"faces": {
										"north": { "texture": "#handle", "uv": [ 7.0, 3.0, 8.5, 4.0 ] },
										"east": { "texture": "#handle", "uv": [ 1.0, 2.0, 2.5, 3.0 ] },
										"south": { "texture": "#handle", "uv": [ 6.0, 4.0, 7.5, 5.0 ] },
										"west": { "texture": "#handle", "uv": [ 6.0, 2.0, 7.5, 3.0 ] },
										"up": { "texture": "#handle", "uv": [ 0.5, 7.5, 2.0, 9.0 ] },
										"down": { "texture": "#handle", "uv": [ 4.0, 3.0, 5.5, 4.5 ] }
									},
									"children": [
										{
											"name": "base 2",
											"from": [ 1.5, 0.0, 0.3 ], 
											"to": [ 8.5, 1.0, 1.3 ], 
											"rotationOrigin": [ 1.5, 0.0, 0.3 ],
											"faces": {
												"north": { "texture": "#handle", "uv": [ 4.0, 11.0, 11.0, 12.0 ] },
												"east": { "texture": "#handle", "uv": [ 0.0, 0.0, 1.0, 1.0 ] },
												"south": { "texture": "#handle", "uv": [ 6.0, 4.5, 13.0, 5.5 ] },
												"west": { "texture": "#handle", "uv": [ 0.0, 0.0, 1.0, 1.0 ] },
												"up": { "texture": "#handle", "uv": [ 2.5, 6.0, 9.5, 7.0 ] },
												"down": { "texture": "#handle", "uv": [ 0.0, 0.0, 7.0, 1.0 ] }
											}
										}
									]
								}
							]
						},
						{
							"name": "handle end",
							"from": [ -1.0, -0.2, -0.2 ], 
							"to": [ 0.0, 1.8, 1.8 ], 
							"rotationOrigin": [ -1.0, -0.2, -0.2 ],
							"faces": {
								"north": { "texture": "#handle", "uv": [ 0.0, 0.0, 1.0, 2.0 ] },
								"east": { "texture": "#handle", "uv": [ 0.0, 0.0, 2.0, 2.0 ] },
								"south": { "texture": "#handle", "uv": [ 0.0, 0.0, 1.0, 2.0 ] },
								"west": { "texture": "#handle", "uv": [ 0.0, 0.0, 2.0, 2.0 ] },
								"up": { "texture": "#handle", "uv": [ 8.0, 9.5, 9.0, 11.5 ] },
								"down": { "texture": "#handle", "uv": [ 0.0, 0.0, 1.0, 2.0 ] }
							}
						}
					]
				},
				{
					"name": "string 1",
					"from": [ -6.6, -0.8, -1.0 ], 
					"to": [ -6.1, 1.2, 2.0 ], 
					"rotationOrigin": [ -6.6, -0.8, 0.5 ],
					"rotationY": 51.999988138810544,
					"rotationZ": -1.0,
					"faces": {
						"north": { "texture": "#string", "uv": [ 9.5, 0.0, 11.5, 0.5 ], "rotation": 90 },
						"east": { "texture": "#string", "uv": [ 2.0, 2.0, 5.0, 4.0 ] },
						"south": { "texture": "#string", "uv": [ 5.5, 2.0, 7.5, 2.5 ], "rotation": 90 },
						"west": { "texture": "#string", "uv": [ 1.0, 1.5, 4.0, 3.5 ] },
						"up": { "texture": "#string", "uv": [ 1.0, 0.0, 4.0, 0.5 ], "rotation": 90 },
						"down": { "texture": "#string", "uv": [ 7.5, 1.0, 10.5, 1.5 ], "rotation": 90 }
					}
				},
				{
					"name": "string 2",
					"from": [ -6.5, -0.8, -1.5 ], 
					"to": [ -6.0, 1.2, 1.7 ], 
					"rotationOrigin": [ -6.5, -0.8, 0.0 ],
					"rotationY": -52.0,
					"faces": {
						"north": { "texture": "#string", "uv": [ 1.0, 0.0, 3.0, 0.5 ], "rotation": 90 },
						"east": { "texture": "#string", "uv": [ 0.0, 0.0, 3.0, 2.0 ] },
						"south": { "texture": "#string", "uv": [ 0.0, 0.0, 0.5, 2.0 ] },
						"west": { "texture": "#string", "uv": [ 0.0, 0.0, 3.0, 2.0 ] },
						"up": { "texture": "#string", "uv": [ 3.5, 0.0, 6.5, 0.5 ], "rotation": 90 },
						"down": { "texture": "#string", "uv": [ 0.0, 0.0, 0.5, 3.0 ] }
					}
				},
				{
					"name": "string 3",
					"from": [ -5.4, -0.6, -0.7 ], 
					"to": [ -4.9, 1.1, 1.3 ], 
					"rotationOrigin": [ -5.4, -0.6, 0.8 ],
					"rotationY": 12.000001625280545,
					"faces": {
						"north": { "texture": "#string", "uv": [ 8.5, 0.5, 10.0, 1.0 ], "rotation": 90 },
						"east": { "texture": "#string", "uv": [ 0.0, 0.0, 2.0, 1.5 ] },
						"south": { "texture": "#string", "uv": [ 1.0, 0.5, 2.5, 1.0 ], "rotation": 90 },
						"west": { "texture": "#string", "uv": [ 2.0, 2.5, 4.0, 4.0 ] },
						"up": { "texture": "#string", "uv": [ 0.0, 0.0, 0.5, 2.0 ] },
						"down": { "texture": "#string", "uv": [ 0.0, 0.0, 0.5, 2.0 ] }
					}
				},
				{
					"name": "string 4",
					"from": [ -6.8, -0.6, -0.9 ], 
					"to": [ -6.3, 1.1, 1.1 ], 
					"rotationOrigin": [ -6.8, -0.6, 0.6 ],
					"rotationX": 1.9999995073623897,
					"rotationY": -25.999996984765755,
					"rotationZ": -2.9684691826926236E-8,
					"faces": {
						"north": { "texture": "#string", "uv": [ 0.0, 0.5, 1.5, 1.0 ], "rotation": 90 },
						"east": { "texture": "#string", "uv": [ 0.0, 0.0, 2.0, 1.5 ] },
						"south": { "texture": "#string", "uv": [ 2.0, 0.5, 3.5, 1.0 ], "rotation": 90 },
						"west": { "texture": "#string", "uv": [ 0.0, 4.0, 2.0, 5.5 ] },
						"up": { "texture": "#string", "uv": [ 3.0, 0.5, 5.0, 1.0 ], "rotation": 90 },
						"down": { "texture": "#string", "uv": [ 6.5, 0.5, 8.5, 1.0 ], "rotation": 90 }
					}
				},
				{
					"name": "string 5",
					"from": [ -7.9, -0.6, -0.8 ], 
					"to": [ -7.4, 1.1, 1.2 ], 
					"rotationOrigin": [ -7.9, -0.6, 0.7 ],
					"rotationX": 0.9999997998811924,
					"faces": {
						"north": { "texture": "#string", "uv": [ 1.0, 0.5, 2.5, 1.0 ], "rotation": 90 },
						"east": { "texture": "#string", "uv": [ 0.0, 2.0, 2.0, 3.5 ] },
						"south": { "texture": "#string", "uv": [ 0.0, 2.5, 1.5, 3.0 ], "rotation": 90 },
						"west": { "texture": "#string", "uv": [ 2.0, 2.5, 4.0, 4.0 ] },
						"up": { "texture": "#string", "uv": [ 4.5, 0.0, 6.5, 0.5 ], "rotation": 90 },
						"down": { "texture": "#string", "uv": [ 2.5, 2.0, 4.5, 2.5 ], "rotation": 90 }
					}
				},
				{
					"name": "segment 1",
					"from": [ -3.0, 0.1, -1.2 ], 
					"to": [ 2.0, 0.3, 1.8 ], 
					"rotationOrigin": [ -2.0, 0.1, 0.3 ],
					"faces": {
						"north": { "texture": "#metal", "uv": [ 1.0, 5.0, 6.0, 5.5 ] },
						"east": { "texture": "#metal", "uv": [ 2.0, 5.0, 5.0, 5.5 ] },
						"south": { "texture": "#metal", "uv": [ 2.0, 7.0, 7.0, 7.5 ] },
						"west": { "texture": "#metal", "uv": [ 2.0, 6.0, 5.0, 6.5 ] },
						"up": { "texture": "#metal", "uv": [ 5.5, 3.5, 10.5, 6.5 ] },
						"down": { "texture": "#metal", "uv": [ 3.0, 3.0, 8.0, 6.0 ] }
					},
					"children": [
						{
							"name": "L side",
							"from": [ 1.5, 0.0, -1.0 ], 
							"to": [ 2.0, 0.2, 0.0 ], 
							"rotationOrigin": [ 1.5, 0.0, 0.0 ],
							"rotationX": 0.1,
							"faces": {
								"north": { "texture": "#metal", "uv": [ 2.0, 3.0, 2.5, 3.5 ] },
								"east": { "texture": "#metal", "uv": [ 0.0, 0.0, 1.0, 0.5 ] },
								"south": { "texture": "#metal", "uv": [ 0.0, 0.0, 0.5, 0.5 ] },
								"west": { "texture": "#metal", "uv": [ 0.0, 0.0, 1.0, 0.5 ] },
								"up": { "texture": "#metal", "uv": [ 2.0, 2.0, 2.5, 3.0 ] },
								"down": { "texture": "#metal", "uv": [ 0.0, 0.0, 0.5, 1.0 ] }
							}
						},
						{
							"name": "R side",
							"from": [ 3.0, 0.0, 3.0 ], 
							"to": [ 3.5, 0.2, 5.0 ], 
							"rotationOrigin": [ 3.0, 0.0, 3.0 ],
							"rotationX": -0.1,
							"faces": {
								"north": { "texture": "#metal", "uv": [ 0.0, 0.0, 0.5, 0.5 ] },
								"east": { "texture": "#metal", "uv": [ 0.0, 0.0, 2.0, 0.5 ] },
								"south": { "texture": "#metal", "uv": [ 0.0, 0.0, 0.5, 0.5 ] },
								"west": { "texture": "#metal", "uv": [ 0.0, 0.0, 2.0, 0.5 ] },
								"up": { "texture": "#metal", "uv": [ 2.0, 1.0, 2.5, 3.0 ] },
								"down": { "texture": "#metal", "uv": [ 0.0, 0.0, 0.5, 2.0 ] }
							}
						},
						{
							"name": "segment 2",
							"from": [ 5.0, 0.0, 0.2 ], 
							"to": [ 9.5, 0.2, 2.8 ], 
							"rotationOrigin": [ 5.0, 0.0, 1.5 ],
							"faces": {
								"north": { "texture": "#metal", "uv": [ 0.0, 0.0, 4.5, 0.5 ] },
								"east": { "texture": "#metal", "uv": [ 0.0, 0.0, 2.5, 0.5 ] },
								"south": { "texture": "#metal", "uv": [ 0.0, 0.0, 4.5, 0.5 ] },
								"west": { "texture": "#metal", "uv": [ 0.0, 0.0, 2.5, 0.5 ] },
								"up": { "texture": "#metal", "uv": [ 7.0, 3.5, 11.5, 6.0 ] },
								"down": { "texture": "#metal", "uv": [ 0.0, 0.0, 4.5, 2.5 ] }
							},
							"children": [
								{
									"name": "segment 3",
									"from": [ 4.5, 0.0, 0.3 ], 
									"to": [ 8.5, 0.2, 2.3 ], 
									"rotationOrigin": [ 4.5, 0.0, 0.3 ],
									"faces": {
										"north": { "texture": "#metal", "uv": [ 0.0, 0.0, 4.0, 0.5 ] },
										"east": { "texture": "#metal", "uv": [ 0.0, 0.0, 2.0, 0.5 ] },
										"south": { "texture": "#metal", "uv": [ 0.0, 0.0, 4.0, 0.5 ] },
										"west": { "texture": "#metal", "uv": [ 0.0, 0.0, 2.0, 0.5 ] },
										"up": { "texture": "#metal", "uv": [ 3.0, 10.5, 7.0, 12.5 ] },
										"down": { "texture": "#metal", "uv": [ 0.0, 0.0, 4.0, 2.0 ] }
									},
									"children": [
										{
											"name": "segment 4",
											"from": [ 4.0, 0.0, 0.3 ], 
											"to": [ 7.5, 0.2, 1.8 ], 
											"rotationOrigin": [ 4.0, 0.0, 0.3 ],
											"faces": {
												"north": { "texture": "#metal", "uv": [ 0.0, 0.0, 3.5, 0.5 ] },
												"east": { "texture": "#metal", "uv": [ 0.0, 0.0, 1.5, 0.5 ] },
												"south": { "texture": "#metal", "uv": [ 0.0, 0.0, 3.5, 0.5 ] },
												"west": { "texture": "#metal", "uv": [ 0.0, 0.0, 1.5, 0.5 ] },
												"up": { "texture": "#metal", "uv": [ 10.5, 3.5, 14.0, 5.0 ] },
												"down": { "texture": "#metal", "uv": [ 0.0, 0.0, 3.5, 1.5 ] }
											},
											"children": [
												{
													"name": "segment 5",
													"from": [ 3.5, 0.0, 0.3 ], 
													"to": [ 6.5, 0.2, 1.3 ], 
													"rotationOrigin": [ 3.5, 0.0, 0.3 ],
													"faces": {
														"north": { "texture": "#metal", "uv": [ 0.0, 0.0, 3.0, 0.5 ] },
														"east": { "texture": "#metal", "uv": [ 0.0, 0.0, 1.0, 0.5 ] },
														"south": { "texture": "#metal", "uv": [ 0.0, 0.0, 3.0, 0.5 ] },
														"west": { "texture": "#metal", "uv": [ 0.0, 0.0, 1.0, 0.5 ] },
														"up": { "texture": "#metal", "uv": [ 10.5, 4.0, 13.5, 5.0 ] },
														"down": { "texture": "#metal", "uv": [ 0.0, 0.0, 3.0, 1.0 ] }
													}
												}
											]
										}
									]
								}
							]
						},
						{
							"name": "R side23",
							"from": [ 4.0, 0.0, 3.0 ], 
							"to": [ 4.5, 0.2, 4.0 ], 
							"rotationOrigin": [ 4.0, 0.0, 3.0 ],
							"rotationX": -0.1,
							"faces": {
								"north": { "texture": "#metal", "uv": [ 0.0, 0.0, 0.5, 0.5 ] },
								"east": { "texture": "#metal", "uv": [ 0.0, 0.0, 1.0, 0.5 ] },
								"south": { "texture": "#metal", "uv": [ 0.0, 0.0, 0.5, 0.5 ] },
								"west": { "texture": "#metal", "uv": [ 0.0, 0.0, 1.0, 0.5 ] },
								"up": { "texture": "#metal", "uv": [ 2.0, 1.0, 2.5, 2.0 ] },
								"down": { "texture": "#metal", "uv": [ 0.0, 0.0, 0.5, 1.0 ] }
							}
						},
						{
							"name": "R side24",
							"from": [ 1.0, 0.0, 3.0 ], 
							"to": [ 1.5, 0.2, 4.0 ], 
							"rotationOrigin": [ 1.0, 0.0, 3.0 ],
							"rotationX": -0.1,
							"faces": {
								"north": { "texture": "#metal", "uv": [ 0.0, 0.0, 0.5, 0.5 ] },
								"east": { "texture": "#metal", "uv": [ 0.0, 0.0, 1.0, 0.5 ] },
								"south": { "texture": "#metal", "uv": [ 0.0, 0.0, 0.5, 0.5 ] },
								"west": { "texture": "#metal", "uv": [ 4.0, 3.0, 5.0, 3.5 ] },
								"up": { "texture": "#metal", "uv": [ 2.0, 1.0, 2.5, 2.0 ] },
								"down": { "texture": "#metal", "uv": [ 0.0, 0.0, 0.5, 1.0 ] }
							}
						},
						{
							"name": "Cube1",
							"from": [ -1.0, 0.0, 0.5 ], 
							"to": [ 0.0, 0.2, 2.5 ], 
							"rotationOrigin": [ -1.0, 0.0, 0.5 ],
							"faces": {
								"north": { "texture": "#metal", "uv": [ 0.0, 0.0, 1.0, 0.5 ] },
								"east": { "texture": "#metal", "uv": [ 0.0, 0.0, 2.0, 0.5 ] },
								"south": { "texture": "#metal", "uv": [ 0.0, 0.0, 1.0, 0.5 ] },
								"west": { "texture": "#metal", "uv": [ 0.0, 0.0, 2.0, 0.5 ] },
								"up": { "texture": "#metal", "uv": [ 0.0, 0.0, 1.0, 2.0 ] },
								"down": { "texture": "#metal", "uv": [ 0.0, 0.0, 1.0, 2.0 ] }
							}
						},
						{
							"name": "L side26",
							"from": [ 2.5, 0.0, -2.0 ], 
							"to": [ 3.0, 0.2, 0.0 ], 
							"rotationOrigin": [ 2.5, 0.0, 0.0 ],
							"rotationX": 0.1,
							"faces": {
								"north": { "texture": "#metal", "uv": [ 0.0, 0.0, 0.5, 0.5 ] },
								"east": { "texture": "#metal", "uv": [ 0.0, 0.0, 2.0, 0.5 ] },
								"south": { "texture": "#metal", "uv": [ 0.0, 0.0, 0.5, 0.5 ] },
								"west": { "texture": "#metal", "uv": [ 0.0, 0.0, 2.0, 0.5 ] },
								"up": { "texture": "#metal", "uv": [ 3.0, 1.0, 3.5, 3.0 ] },
								"down": { "texture": "#metal", "uv": [ 0.0, 0.0, 0.5, 2.0 ] }
							}
						},
						{
							"name": "L side27",
							"from": [ 5.5, 0.0, -0.8 ], 
							"to": [ 6.0, 0.2, 0.2 ], 
							"rotationOrigin": [ 5.5, 0.0, 0.2 ],
							"rotationX": 0.1,
							"faces": {
								"north": { "texture": "#metal", "uv": [ 0.0, 0.0, 0.5, 0.5 ] },
								"east": { "texture": "#metal", "uv": [ 0.0, 0.0, 1.0, 0.5 ] },
								"south": { "texture": "#metal", "uv": [ 0.0, 0.0, 0.5, 0.5 ] },
								"west": { "texture": "#metal", "uv": [ 0.0, 0.0, 1.0, 0.5 ] },
								"up": { "texture": "#metal", "uv": [ 2.0, 3.0, 2.5, 4.0 ] },
								"down": { "texture": "#metal", "uv": [ 0.0, 0.0, 0.5, 1.0 ] }
							}
						},
						{
							"name": "R side28",
							"from": [ 6.0, 0.0, 2.8 ], 
							"to": [ 6.5, 0.2, 3.3 ], 
							"rotationOrigin": [ 6.0, 0.0, 2.8 ],
							"rotationX": -0.1,
							"faces": {
								"north": { "texture": "#metal", "uv": [ 0.0, 0.0, 0.5, 0.5 ] },
								"east": { "texture": "#metal", "uv": [ 0.0, 0.0, 0.5, 0.5 ] },
								"south": { "texture": "#metal", "uv": [ 0.0, 0.0, 0.5, 0.5 ] },
								"west": { "texture": "#metal", "uv": [ 0.0, 0.0, 0.5, 0.5 ] },
								"up": { "texture": "#metal", "uv": [ 3.0, 3.0, 3.5, 3.5 ] },
								"down": { "texture": "#metal", "uv": [ 0.0, 0.0, 0.5, 0.5 ] }
							}
						},
						{
							"name": "L side29",
							"from": [ 7.0, 0.0, -0.3 ], 
							"to": [ 7.5, 0.2, 0.2 ], 
							"rotationOrigin": [ 7.0, 0.0, 0.2 ],
							"rotationX": 0.1,
							"faces": {
								"north": { "texture": "#metal", "uv": [ 3.0, 2.0, 3.5, 2.5 ] },
								"east": { "texture": "#metal", "uv": [ 0.0, 0.0, 0.5, 0.5 ] },
								"south": { "texture": "#metal", "uv": [ 0.0, 0.0, 0.5, 0.5 ] },
								"west": { "texture": "#metal", "uv": [ 0.0, 0.0, 0.5, 0.5 ] },
								"up": { "texture": "#metal", "uv": [ 0.0, 0.0, 0.5, 0.5 ] },
								"down": { "texture": "#metal", "uv": [ 0.0, 0.0, 0.5, 0.5 ] }
							}
						}
					]
				}
			]
		}
	]}