{
  "ingredientPattern": "S_K	_T_	T_T",
  "ingredients": {
    "S": {
      type: "item", 
	  code: "game:sawblade-*",
	  name: "metal",
	  allowedVariants: ["copper", "blackbronze", "tinbronze", "bismuthbronze", "iron"]
    },
    "K": {
      "type": "item",
      "code": "game:knifeblade-*",
	  name: "metal",
	  allowedVariants: ["copper", "blackbronze", "tinbronze", "bismuthbronze", "iron"]
	},
    "T": {
      "type": "item",
      "code": "game:stick"
    }
  },
  "width": 3,
  "height": 3,
  "shapeless": false,
  "output": { type: "item", code: "branchcutter-{metal}" }
}
