{
  "code": "upgrade",
  "attributes": {  
    "handbook": {
      "groupBy": [ "upgrade-*" ]
    }
  },
  "creativeinventory": {
    "general": [ "*" ],
    "items": [ "*" ]
  },
  "variantgroups": [
    {
      "code": "type",
      "states": [ "copper", "bronze", "iron" ]
    }
  ],
  "texture": { "base": "item/upgrade/{type}" },
  "maxstacksize": 16,
  "materialDensity": 500,

  "fpHandTransform": {
    "translation": {
      "x": 0.05,
      "y": -0.1,
      "z": 0.1
    }
  },

  "tpHandTransform": {
    "translation": {
      "x": -1.45,
      "y": -1.8,
      "z": -1.4
    },
    "rotation": {
      "x": 0,
      "y": 0,
      "z": -180
    }
  }
}