{
  "ingredientPattern": "SPC",
  "ingredients": {
    "S": {
      "type": "item",
      "code": "game:saltpeter",
      "quantity": 8
    },
    "C": {
      "type": "item",
      "code": "powderedcharcoal",
      "quantity": 1
    },
    "P": {
      "type": "item",
      "code": "powderedsulfur",
      "quantity": 1
    }
  },
  "width": 3,
  "height": 1,
  "shapeless": true,
  "output": {
    "type": "item",
    "code": "game:blastingpowder",
    "quantity":  10
  }
}
