{
  "ingredientPattern": "SRPB",
  "ingredients": {
    "S": {
      "type": "item",
      "code": "game:saltpeter",
      "quantity": 4
    },
    "R": {
      "type": "item",
      "code": "game:rot",
      "quantity": 8
    },
    "B": {
      "type": "item",
      "code": "game:bonemeal",
      "quantity": 4
    },
    "P": {
      "type": "item",
      "code": "game:potash",
      "quantity": 1
    }
  },
  "width": 2,
  "height": 2,
  "shapeless": true,
  "output": {
    "type": "item",
    "code": "compoundfertilizer",
    "quantity":  3
  }
}
