[
	{
		"ingredientPattern": "G_\tGG",
		"ingredients": {
			"G": {
				"type": "item",
				"code": "straw"
			}
		},
		"width": 2,
		"height": 2,
		"output": {
			"type": "block",
			"code": "thatchroof-straw-up-north-free",
			"quantity": 1
		}
	},
	{
		"ingredientPattern": "_G\tGG",
		"ingredients": {
			"G": {
				"type": "item",
				"code": "straw"
			}
		},
		"width": 2,
		"height": 2,
		"output": {
			"type": "block",
			"code": "thatchroof-straw-up-north-free",
			"quantity": 1
		}
	}
]