{
  "code": "ladder",
  "behaviors": [{ "name": "Ladder" }],
  "attributes": {
    "ignoreServerReplaceableTest": true,
    "handbook": {
      "groupBy": ["ladder-*"]
    }
  },
  "variantgroups": [
    { "code": "type", "states": ["birch", "maple", "pine", "acacia", "kapok", "aged"] },
    { "code": "side", "loadFromProperties": "abstract/horizontalorientation" }
  ],
  "texture": { "base": "block/wood/ladder/{type}" },
  "creativeinventory": { "general": ["ladder-*-north"], "decorative": ["ladder-*-north"] },
  "shapeinventory": { "base": "game:block/wood/ladder-inventory" },
  "shapebytype": {
    "*-north": { "base": "game:block/wood/ladder", "rotateY": 0 },
    "*-east": { "base": "game:block/wood/ladder", "rotateY": 270 },
    "*-south": { "base": "game:block/wood/ladder", "rotateY": 180 },
    "*-west": { "base": "game:block/wood/ladder", "rotateY": 90 }
  },
  "blockmaterial": "Wood",
  "replaceable": 500,
  "lightAbsorption": 0,
  "climbable": true,
  "sidesolid": {
    "all": false
  },
  "sideopaque": {
    "all": false
  },
  "sideAO": {
    "all": false
  },
  "resistance": 1.25,
  "sounds": {
    "place": "game:block/planks",
    "hit": "game:block/planks",
    "break": "game:block/planks",
    "walk": "game:walk/wood"
  },
  "combustibleProps": {
    "burnTemperature": 600,
    "burnDuration": 12
  },
  "collisionbox": {
    "x1": 0,
    "y1": 0,
    "z1": 0,
    "x2": 1,
    "y2": 1,
    "z2": 0.1875,
    "rotateYByType": {
      "*-east": 270,
      "*-south": 180,
      "*-west": 90,
      "*-north": 0
    }
  },
  "selectionbox": {
    "x1": 0,
    "y1": 0,
    "z1": 0,
    "x2": 1,
    "y2": 1,
    "z2": 0.1875,
    "rotateYByType": {
      "*-east": 270,
      "*-south": 180,
      "*-west": 90,
      "*-north": 0
    }
  },
  "materialDensity": 600
}
