{
    "code": "fishinglure",
    "maxstacksize": 64,
    "attributes": {
        "reinforcementStrengthByType": {
            "*-copper": 150,
            "*-tinbronze": 300,
            "*-bismuthbronze": 300,
            "*-blackbronze": 400,
            "*-iron": 800
        },
        "handbook": {
            "excludeByType": {
                "*-chromium": true,
                "*-platinum": true,
                "*-titanium": true,
                "*-rhodium": true,
                "*-stainlessteel": true,
                "*-uranium": true
            }
        },
        "displaycaseable": false,
        "shelvable": false
    },
    "variantgroups": [
        {
            "code": "metal",
            "loadFromProperties": "game:block/metal"
        }
    ],
    "attributesByType": {
        "lure-lead": {
            "workableTemperature": 0
        }
    },
    "storageFlags": 5,

    "shape": { "base": "item/fishing/fishinglure" },
    "textures": {
        "hookmaterial": { "base": "game:block/metal/ingot/{metal}" }
    },
    "creativeinventory": {
        "general": [ "*" ],
        "items": [ "*" ],
        "primitive": [ "*" ]
    },
    "materialDensityByType": {
        "*-copper": 8960,
        "*-brass": 8500,
        "*-tinbronze": 7600,
        "*-bismuthbronze": 7900,
        "*-blackbronze": 9000,
        "*-iron": 7870,
        "*-gold": 19300,
        "*-lead": 11300,
        "*-tin": 7260,
        "*-chromium": 7150,
        "*-platinum": 21500,
        "*-titanium": 4510,
        "*-zinc": 7140,
        "*-silver": 10500,
        "*-bismuth": 9790,
        "*-molybdochalkos": 9600
    },
    "guiTransform": {
        "translation": {
            "x": -1,
            "y": 2.4,
            "z": 0
        },
        "rotation": {
            "x": 154,
            "y": -57,
            "z": -99
        },
        "origin": {
            "x": 0.53,
            "y": -0.2,
            "z": 0.4
        },
        "scale": 3.66
    },
    "fpHandTransform": {
        "translation": {
            "x": 0,
            "y": 0.1,
            "z": 0
        },
        "rotation": {
            "x": -156,
            "y": -56,
            "z": -150
        },
        "origin": {
            "x": 0.6,
            "y": -1.2,
            "z": 0.2
        },
        "scale": 1.84
    },
    "tpHandTransform": {
        "translation": {
            "x": -0.77,
            "y": -0.35,
            "z": -0.64
        },
        "rotation": {
            "x": 11,
            "y": -160,
            "z": 57
        },
        "origin": {
            "x": 0.4,
            "y": 0.1,
            "z": 0.9
        },
        "scale": 0.75
    },
    "groundTransform": {
        "translation": {
            "x": 0,
            "y": 0,
            "z": 0
        },
        "rotation": {
            "x": 0,
            "y": 0,
            "z": 0
        },
        "origin": {
            "x": 0.5,
            "y": 0,
            "z": 0.5
        },
        "scale": 10
    }
}
