{
	code: "temporalcore",
	attributes: {
		handbook: {
			groupBy: ["temporalcore"]
		}
	},
	shape: { base: "item/temporalpowercore" },
	creativeinventory: { "general": ["*"], "items": ["*"] },
	maxstacksize: 64,
	materialDensity: 500,
		fpHandTransform: {
		translation: { x: 0.15, y: 0.1, z: 0 },
		rotation: { x: 33, y: 90, z: -30 },
		scale: 1.4
	},
		tpHandTransform: {
		translation: { x: -0.05, y: -0.4, z: 0.5 },
		rotation: { x: 100, y: 0, z: -90 },
		origin: { x: 0, y: 0, z: 0 },
		scale: 0.45
	},
		guiTransform: {
		rotation: { x: -34, y: -17, z: -180 },
		origin: { x: 0.6, y: -0.08, z: 0 },
		scale: 2.5
	},
		groundTransform: {
		translation: { x: 0, y: 0.05, z: 0 },
		rotation: { x: 90, y: 0, z: 0 },
		origin: { x: 0.5, y: 0.5, z: 0.5299 },
		scale: 2.35
	},
	heldSounds: {
		"idle": "TS",
		"equip": "silence",
		"unequip": "silence",
		"attack": "temporalhit"
	}
}