{
  "editor": {
    "allAngles": false,
    "singleTexture": false
  },
  "textureWidth": 16,
  "textureHeight": 16,
  "textures": {
    "bottom_right": "block/wood/door/bottom_right"
  },
  "elements": [
    {
      "name": "Leftframe",
      "from": [0.0, 0.0, 0.0],
      "to": [2.0, 16.0, 2.0],
      "faces": {
        "north": { "texture": "#bottom_right", "uv": [16.0, 0.0, 14.0, 16.0], "autoUv": false },
        "east": { "texture": "#bottom_right", "uv": [14.0, 0.0, 16.0, 16.0] },
        "south": { "texture": "#bottom_right", "uv": [13.0, 0.0, 15.0, 16.0] },
        "west": { "texture": "#bottom_right", "uv": [0.0, 0.0, 2.0, 16.0] },
        "up": { "texture": "#bottom_right", "uv": [0.0, 0.0, 2.0, 2.0] },
        "down": { "texture": "#bottom_right", "uv": [0.0, 0.0, 2.0, 2.0] }
      }
    },
    {
      "name": "Rightframe",
      "from": [0.0, 0.0, 14.0],
      "to": [2.0, 16.0, 16.0],
      "faces": {
        "north": { "texture": "#bottom_right", "uv": [12.0, 0.0, 14.0, 16.0] },
        "east": { "texture": "#bottom_right", "uv": [0.0, 0.0, 2.0, 16.0] },
        "south": { "texture": "#bottom_right", "uv": [0.0, 0.0, 2.0, 16.0] },
        "west": { "texture": "#bottom_right", "uv": [2.0, 0.0, 0.0, 16.0] },
        "up": { "texture": "#bottom_right", "uv": [0.0, 0.0, 2.0, 2.0] },
        "down": { "texture": "#bottom_right", "uv": [0.0, 0.0, 2.0, 2.0] }
      }
    },
    {
      "name": "Lower door inest",
      "from": [0.5, 3.0, 2.0],
      "to": [1.5, 15.0, 14.0],
      "faces": {
        "north": { "texture": "#bottom_right", "uv": [0.0, 1.0, 1.0, 13.0] },
        "east": { "texture": "#bottom_right", "uv": [2.0, 1.0, 14.0, 13.0] },
        "south": { "texture": "#bottom_right", "uv": [0.0, 0.0, 1.0, 12.0] },
        "west": { "texture": "#bottom_right", "uv": [2.0, 1.0, 14.0, 13.0] },
        "up": { "texture": "#bottom_right", "uv": [0.0, 0.0, 1.0, 12.0] },
        "down": { "texture": "#bottom_right", "uv": [0.0, 0.0, 1.0, 12.0] }
      }
    },
    {
      "name": "LowerPart",
      "from": [0.0, 0.0, 2.0],
      "to": [2.0, 3.0, 14.0],
      "faces": {
        "north": { "texture": "#bottom_right", "uv": [2.0, 0.0, 0.0, 3.0] },
        "east": { "texture": "#bottom_right", "uv": [14.0, 13.0, 2.0, 16.0] },
        "south": { "texture": "#bottom_right", "uv": [0.0, 0.0, 2.0, 3.0] },
        "west": { "texture": "#bottom_right", "uv": [14.0, 13.0, 2.0, 16.0] },
        "up": { "texture": "#bottom_right", "uv": [12.0, 1.0, 14.0, 13.0] },
        "down": { "texture": "#bottom_right", "uv": [0.0, 1.0, 2.0, 13.0] }
      }
    },
    {
      "name": "UpperPart",
      "from": [0.0, 15.0, 2.0],
      "to": [2.0, 16.0, 14.0],
      "faces": {
        "north": { "texture": "#bottom_right", "uv": [0.0, 0.0, 2.0, 1.0] },
        "east": { "texture": "#bottom_right", "uv": [2.0, 0.0, 14.0, 1.0] },
        "south": { "texture": "#bottom_right", "uv": [0.0, 0.0, 2.0, 1.0] },
        "west": { "texture": "#bottom_right", "uv": [14.0, 0.0, 2.0, 1.0] },
        "up": { "texture": "#bottom_right", "uv": [14.0, 0.0, 16.0, 12.0] },
        "down": { "texture": "#bottom_right", "uv": [14.0, 0.0, 16.0, 12.0] }
      }
    },
    {
      "name": "Knob",
      "from": [-1.0, 15.5, 12.0],
      "to": [3.0, 16.0, 14.0],
      "faces": {
        "north": { "texture": "#bottom_right", "uv": [0.0, 0.0, 4.0, 0.0] },
        "east": { "texture": "#bottom_right", "uv": [2.0, 0.0, 4.0, 0.5] },
        "south": { "texture": "#bottom_right", "uv": [0.0, 0.0, 4.0, 0.0] },
        "west": { "texture": "#bottom_right", "uv": [2.0, 0.0, 4.0, 0.5] },
        "up": { "texture": "#bottom_right", "uv": [3.0, 3.0, 7.0, 5.0] },
        "down": { "texture": "#bottom_right", "uv": [6.0, 4.0, 10.0, 6.0] }
      }
    }
  ]
}
