{
  "editor": {
    "allAngles": false,
    "singleTexture": false
  },
  "textureWidth": 16,
  "textureHeight": 16,
  "textures": {
    "bottom_left": "block/wood/door/bottom_left"
  },
  "elements": [
    {
      "name": "Leftframe",
      "from": [0.0, 0.0, 0.0],
      "to": [2.0, 16.0, 2.0],
      "faces": {
        "north": { "texture": "#bottom_left", "uv": [14.0, 0.0, 16.0, 16.0] },
        "east": { "texture": "#bottom_left", "uv": [14.0, 0.0, 16.0, 16.0] },
        "south": { "texture": "#bottom_left", "uv": [0.0, 0.0, 2.0, 16.0] },
        "west": { "texture": "#bottom_left", "uv": [2.0, 0.0, 0.0, 16.0], "autoUv": false },
        "up": { "texture": "#bottom_left", "uv": [0.0, 0.0, 2.0, 2.0] },
        "down": { "texture": "#bottom_left", "uv": [0.0, 0.0, 2.0, 2.0] }
      }
    },
    {
      "name": "Rightframe",
      "from": [14.0, 0.0, 0.0],
      "to": [16.0, 16.0, 2.0],
      "faces": {
        "north": { "texture": "#bottom_left", "uv": [16.0, 0.0, 14.0, 16.0] },
        "east": { "texture": "#bottom_left", "uv": [14.0, 0.0, 16.0, 16.0] },
        "south": { "texture": "#bottom_left", "uv": [14.0, 0.0, 16.0, 16.0] },
        "west": { "texture": "#bottom_left", "uv": [14.0, 0.0, 16.0, 16.0] },
        "up": { "texture": "#bottom_left", "uv": [0.0, 0.0, 2.0, 2.0] },
        "down": { "texture": "#bottom_left", "uv": [0.0, 0.0, 2.0, 2.0] }
      }
    },
    {
      "name": "Lower door inset",
      "from": [2.0, 3.0, 0.5],
      "to": [14.0, 15.0, 1.5],
      "faces": {
        "north": { "texture": "#bottom_left", "uv": [2.0, 1.0, 14.0, 13.0] },
        "east": { "texture": "#bottom_left", "uv": [14.0, 1.0, 16.0, 13.0] },
        "south": { "texture": "#bottom_left", "uv": [2.0, 1.0, 14.0, 13.0] },
        "west": { "texture": "#bottom_left", "uv": [0.0, 0.0, 2.0, 4.0] },
        "up": { "texture": "#bottom_left", "uv": [0.0, 0.0, 16.0, 2.0] },
        "down": { "texture": "#bottom_left", "uv": [0.0, 0.0, 16.0, 2.0] }
      }
    },
    {
      "name": "Knob",
      "from": [12.0, 15.5, -1.0],
      "to": [14.0, 16.0, 3.0],
      "faces": {
        "north": { "texture": "#bottom_left", "uv": [11.0, 0.0, 14.0, 0.5] },
        "east": { "texture": "#bottom_left", "uv": [5.0, 6.0, 9.0, 8.0] },
        "south": { "texture": "#bottom_left", "uv": [11.0, 0.0, 14.0, 0.5] },
        "west": { "texture": "#bottom_left", "uv": [6.0, 6.0, 10.0, 8.0] },
        "up": { "texture": "#bottom_left", "uv": [5.0, 3.0, 7.0, 7.0] },
        "down": { "texture": "#bottom_left", "uv": [6.0, 3.0, 8.0, 6.0] }
      }
    },
    {
      "name": "LowerPart",
      "from": [2.0, 0.0, 0.0],
      "to": [14.0, 3.0, 2.0],
      "faces": {
        "north": { "texture": "#bottom_left", "uv": [14.0, 13.0, 2.0, 16.0] },
        "east": { "texture": "#bottom_left", "uv": [0.0, 0.0, 2.0, 3.0] },
        "south": { "texture": "#bottom_left", "uv": [2.0, 13.0, 14.0, 16.0] },
        "west": { "texture": "#bottom_left", "uv": [0.0, 1.0, 2.0, 4.0] },
        "up": { "texture": "#bottom_left", "uv": [3.0, 13.0, 15.0, 15.0] },
        "down": { "texture": "#bottom_left", "uv": [3.0, 13.0, 15.0, 15.0] }
      }
    },
    {
      "name": "UpperPart",
      "from": [2.0, 15.0, 0.0],
      "to": [14.0, 16.0, 2.0],
      "faces": {
        "north": { "texture": "#bottom_left", "uv": [14.0, 0.0, 2.0, 1.0] },
        "east": { "texture": "#bottom_left", "uv": [0.0, 0.0, 2.0, 1.0] },
        "south": { "texture": "#bottom_left", "uv": [2.0, 0.0, 14.0, 1.0] },
        "west": { "texture": "#bottom_left", "uv": [0.0, 0.0, 2.0, 1.0] },
        "up": { "texture": "#bottom_left", "uv": [2.0, 4.0, 14.0, 6.0] },
        "down": { "texture": "#bottom_left", "uv": [1.0, 0.0, 13.0, 2.0] }
      }
    }
  ]
}
