{
  "editor": {
    "allAngles": false,
    "singleTexture": false
  },
  "textureWidth": 16,
  "textureHeight": 16,
  "textures": {
    "top_left": "block/wood/door/top_left"
  },
  "elements": [
    {
      "name": "Leftframe",
      "from": [0.0, 0.0, 0.0],
      "to": [2.0, 16.0, 2.0],
      "faces": {
        "north": { "texture": "#top_left", "uv": [14.0, 0.0, 16.0, 16.0] },
        "east": { "texture": "#top_left", "uv": [14.0, 0.0, 16.0, 16.0] },
        "south": { "texture": "#top_left", "uv": [14.0, 0.0, 16.0, 16.0] },
        "west": { "texture": "#top_left", "uv": [14.0, 0.0, 16.0, 16.0] },
        "up": { "texture": "#top_left", "uv": [14.0, 0.0, 16.0, 2.0] },
        "down": { "texture": "#top_left", "uv": [14.0, 0.0, 16.0, 2.0] }
      }
    },
    {
      "name": "Rightframe",
      "from": [0.0, 0.0, 14.0],
      "to": [2.0, 16.0, 16.0],
      "faces": {
        "north": { "texture": "#top_left", "uv": [14.0, 0.0, 16.0, 16.0] },
        "east": { "texture": "#top_left", "uv": [0.0, 0.0, 2.0, 16.0] },
        "south": { "texture": "#top_left", "uv": [2.0, 0.0, 0.0, 16.0], "autoUv": false },
        "west": { "texture": "#top_left", "uv": [14.0, 0.0, 16.0, 16.0] },
        "up": { "texture": "#top_left", "uv": [0.0, 0.0, 2.0, 2.0] },
        "down": { "texture": "#top_left", "uv": [0.0, 0.0, 2.0, 2.0] }
      }
    },
    {
      "name": "Right main frame",
      "from": [0.5, 2.0, 13.0],
      "to": [1.5, 14.0, 14.0],
      "faces": {
        "north": { "texture": "#top_left", "uv": [13.0, 2.0, 14.0, 14.0] },
        "east": { "texture": "#top_left", "uv": [13.0, 2.0, 14.0, 14.0] },
        "south": { "texture": "#top_left", "uv": [13.0, 2.0, 14.0, 14.0], "enabled": false },
        "west": { "texture": "#top_left", "uv": [13.0, 2.0, 14.0, 14.0] },
        "up": { "texture": "#top_left", "uv": [12.0, 2.0, 14.0, 3.0] },
        "down": { "texture": "#top_left", "uv": [12.0, 2.0, 14.0, 3.0] }
      }
    },
    {
      "name": "Left main frame",
      "from": [0.5, 2.0, 2.0],
      "to": [1.5, 14.0, 3.0],
      "faces": {
        "north": { "texture": "#top_left", "uv": [2.0, 2.0, 3.0, 14.0], "enabled": false },
        "east": { "texture": "#top_left", "uv": [2.0, 2.0, 3.0, 14.0] },
        "south": { "texture": "#top_left", "uv": [2.0, 2.0, 3.0, 14.0] },
        "west": { "texture": "#top_left", "uv": [2.0, 2.0, 3.0, 14.0] },
        "up": { "texture": "#top_left", "uv": [2.0, 2.0, 4.0, 3.0] },
        "down": { "texture": "#top_left", "uv": [2.0, 2.0, 4.0, 3.0] }
      }
    },
    {
      "name": "Upper main frame",
      "from": [0.5, 13.0, 3.0],
      "to": [1.5, 14.0, 13.0],
      "faces": {
        "north": { "texture": "#top_left", "uv": [2.0, 2.0, 3.0, 3.0] },
        "east": { "texture": "#top_left", "uv": [3.0, 2.0, 13.0, 3.0] },
        "south": { "texture": "#top_left", "uv": [2.0, 2.0, 3.0, 3.0] },
        "west": { "texture": "#top_left", "uv": [3.0, 2.0, 13.0, 3.0] },
        "up": { "texture": "#top_left", "uv": [2.0, 4.0, 3.0, 14.0], "enabled": false },
        "down": { "texture": "#top_left", "uv": [2.0, 4.0, 3.0, 14.0] }
      }
    },
    {
      "name": "Lower main frame",
      "from": [0.5, 2.0, 3.0],
      "to": [1.5, 3.0, 13.0],
      "faces": {
        "north": { "texture": "#top_left", "uv": [2.0, 13.0, 3.0, 14.0] },
        "east": { "texture": "#top_left", "uv": [3.0, 13.0, 13.0, 14.0] },
        "south": { "texture": "#top_left", "uv": [2.0, 13.0, 3.0, 14.0] },
        "west": { "texture": "#top_left", "uv": [3.0, 13.0, 13.0, 14.0] },
        "up": { "texture": "#top_left", "uv": [2.0, 14.0, 3.0, 4.0] },
        "down": { "texture": "#top_left", "uv": [2.0, 14.0, 3.0, 4.0], "enabled": false }
      }
    },
    {
      "name": "Upperframe",
      "from": [0.0, 14.0, 2.0],
      "to": [2.0, 16.0, 14.0],
      "faces": {
        "north": { "texture": "#top_left", "uv": [2.0, 0.0, 4.0, 2.0] },
        "east": { "texture": "#top_left", "uv": [2.0, 0.0, 14.0, 2.0] },
        "south": { "texture": "#top_left", "uv": [2.0, 0.0, 14.0, 2.0] },
        "west": { "texture": "#top_left", "uv": [2.0, 0.0, 14.0, 2.0] },
        "up": { "texture": "#top_left", "uv": [14.0, 2.0, 16.0, 14.0] },
        "down": { "texture": "#top_left", "uv": [14.0, 2.0, 16.0, 14.0] }
      }
    },
    {
      "name": "LowerFrame",
      "from": [0.0, 0.0, 2.0],
      "to": [2.0, 2.0, 14.0],
      "faces": {
        "north": { "texture": "#top_left", "uv": [3.0, 14.0, 0.0, 16.0] },
        "east": { "texture": "#top_left", "uv": [2.0, 14.0, 14.0, 16.0] },
        "south": { "texture": "#top_left", "uv": [0.0, 14.0, 2.0, 16.0] },
        "west": { "texture": "#top_left", "uv": [14.0, 14.0, 2.0, 16.0] },
        "up": { "texture": "#top_left", "uv": [14.0, 3.0, 16.0, 15.0] },
        "down": { "texture": "#top_left", "uv": [14.0, 3.0, 16.0, 15.0] }
      }
    },
    {
      "name": "Middle vertical Frame",
      "from": [0.5, 3.0, 7.0],
      "to": [1.5, 13.0, 9.0],
      "faces": {
        "north": { "texture": "#top_left", "uv": [7.0, 3.0, 8.0, 13.0] },
        "east": { "texture": "#top_left", "uv": [7.0, 3.0, 9.0, 13.0] },
        "south": { "texture": "#top_left", "uv": [7.0, 3.0, 8.0, 13.0] },
        "west": { "texture": "#top_left", "uv": [7.0, 3.0, 9.0, 13.0] },
        "up": { "texture": "#top_left", "uv": [7.0, 12.0, 9.0, 13.0] },
        "down": { "texture": "#top_left", "uv": [7.0, 12.0, 9.0, 13.0] }
      }
    },
    {
      "name": "Middle horizontal frame down",
      "from": [0.5, 4.0, 3.0],
      "to": [1.5, 5.0, 13.0],
      "faces": {
        "north": { "texture": "#top_left", "uv": [3.0, 11.0, 4.0, 12.0] },
        "east": { "texture": "#top_left", "uv": [3.0, 11.0, 13.0, 12.0] },
        "south": { "texture": "#top_left", "uv": [3.0, 11.0, 4.0, 12.0] },
        "west": { "texture": "#top_left", "uv": [3.0, 11.0, 13.0, 12.0] },
        "up": { "texture": "#top_left", "uv": [1.0, 13.0, 2.0, 3.0] },
        "down": { "texture": "#top_left", "uv": [2.0, 13.0, 1.0, 3.0] }
      }
    },
    {
      "name": "Middle horizontal frame up",
      "from": [0.51, 11.0, 3.0],
      "to": [1.51, 12.0, 14.0],
      "faces": {
        "north": { "texture": "#top_left", "uv": [3.0, 4.0, 4.0, 5.0] },
        "east": { "texture": "#top_left", "uv": [3.0, 4.0, 14.0, 5.0] },
        "south": { "texture": "#top_left", "uv": [3.0, 4.0, 4.0, 5.0] },
        "west": { "texture": "#top_left", "uv": [3.0, 4.0, 14.0, 5.0] },
        "up": { "texture": "#top_left", "uv": [1.0, 3.0, 2.0, 14.0] },
        "down": { "texture": "#top_left", "uv": [1.0, 3.0, 2.0, 14.0] }
      }
    },
    {
      "name": "Knob",
      "from": [-1.0, 0.0, 2.0],
      "to": [3.0, 1.5, 4.0],
      "faces": {
        "north": { "texture": "#top_left", "uv": [3.0, 14.5, 6.0, 16.0] },
        "east": { "texture": "#top_left", "uv": [12.0, 14.5, 14.0, 16.0] },
        "south": { "texture": "#top_left", "uv": [2.0, 14.5, 5.0, 16.0] },
        "west": { "texture": "#top_left", "uv": [12.0, 14.5, 14.0, 16.0] },
        "up": { "texture": "#top_left", "uv": [0.0, 8.0, 2.0, 12.0] },
        "down": { "texture": "#top_left", "uv": [0.0, 8.0, 2.0, 12.0] }
      }
    }
  ]
}
