{
	"editor": {
		"allAngles": false,
		"entityTextureMode": true
	},
	"textureWidth": 16,
	"textureHeight": 16,
	"textureSizes": {
	},
	"textures": {
		"glass1": "item/glass1",
		"glow1": "item/glow1",
		"bronze1": "item/bronze1"
	},
	"elements": [
		{
			"name": "Cube3",
			"from": [ 6.5, 0.0, 6.5 ], 
			"to": [ 9.5, 2.0, 9.5 ], 
			"uv": [ 0.5, 0.5 ],
			"rotationOrigin": [ 6.5, 0.0, 6.5 ],
			"faces": {
				"north": { "texture": "#bronze1", "uv": [ 0.5, 3.5, 3.5, 5.5 ] },
				"east": { "texture": "#bronze1", "uv": [ 3.5, 3.5, 6.5, 5.5 ] },
				"south": { "texture": "#bronze1", "uv": [ 6.5, 3.5, 9.5, 5.5 ] },
				"west": { "texture": "#bronze1", "uv": [ 9.5, 3.5, 12.5, 5.5 ] },
				"up": { "texture": "#bronze1", "uv": [ 0.5, 0.5, 3.5, 3.5 ] },
				"down": { "texture": "#bronze1", "uv": [ 3.5, 0.5, 6.5, 3.5 ] }
			},
			"children": [
				{
					"name": "Cube2",
					"from": [ 1.0, 2.0, 1.0 ], 
					"to": [ 2.0, 4.0, 2.0 ], 
					"uv": [ 0.5, 1.0 ],
					"rotationOrigin": [ 1.0, 2.0, 1.0 ],
					"faces": {
						"north": { "texture": "#glow1", "uv": [ 0.5, 2.0, 1.5, 4.0 ], "glow": 15 },
						"east": { "texture": "#glow1", "uv": [ 1.5, 2.0, 2.5, 4.0 ] },
						"south": { "texture": "#glow1", "uv": [ 2.5, 2.0, 3.5, 4.0 ] },
						"west": { "texture": "#glow1", "uv": [ 3.5, 2.0, 4.5, 4.0 ] },
						"up": { "texture": "#glow1", "uv": [ 0.5, 1.0, 1.5, 2.0 ] },
						"down": { "texture": "#glow1", "uv": [ 1.5, 1.0, 2.5, 2.0 ] }
					},
					"children": [
						{
							"name": "Cube1",
							"from": [ -1.0, 0.0, -1.0 ], 
							"to": [ 2.0, 4.0, 2.0 ], 
							"shade": false,
							"renderPass": 3,
							"uv": [ 0.5, 0.5 ],
							"rotationOrigin": [ -1.0, 0.0, -1.0 ],
							"faces": {
								"north": { "texture": "#glass1", "uv": [ 0.5, 3.5, 3.5, 7.5 ] },
								"east": { "texture": "#glass1", "uv": [ 3.5, 3.5, 6.5, 7.5 ] },
								"south": { "texture": "#glass1", "uv": [ 6.5, 3.5, 9.5, 7.5 ] },
								"west": { "texture": "#glass1", "uv": [ 9.5, 3.5, 12.5, 7.5 ] },
								"up": { "texture": "#glass1", "uv": [ 0.5, 0.5, 3.5, 3.5 ] },
								"down": { "texture": "#glass1", "uv": [ 5.5, 3.5, 8.5, 6.5 ], "enabled": false }
							}
						}
					]
				}
			]
		}
	]}