{
	"editor": {
		"allAngles": false,
		"entityTextureMode": false
	},
	"textureWidth": 16,
	"textureHeight": 16,
	"textureSizes": {
	},
	"textures": {
		"command01-corner": "game:block/command01-corner"
	},
	"elements": [
		{
			"name": "Cube1",
			"from": [ 6.0, 0.0, 6.0 ], 
			"to": [ 8.0, 3.0, 8.0 ], 
			"rotationOrigin": [ 6.0, 0.0, 6.0 ],
			"faces": {
				"north": { "texture": "#command01-corner", "uv": [ 5.5, 6.0, 8.5, 8.0 ], "rotation": 90 },
				"east": { "texture": "#command01-corner", "uv": [ 5.5, 4.0, 8.5, 6.0 ], "rotation": 90 },
				"south": { "texture": "#command01-corner", "uv": [ 5.5, 4.0, 8.5, 6.0 ], "rotation": 90 },
				"west": { "texture": "#command01-corner", "uv": [ 5.5, 4.0, 8.5, 6.0 ], "rotation": 90 },
				"up": { "texture": "#command01-corner", "uv": [ 9.0, 8.0, 11.0, 10.0 ] },
				"down": { "texture": "#command01-corner", "uv": [ 9.5, 10.0, 11.5, 12.0 ] }
			}
		}
	]}