{
	"editor": {
		"allAngles": false,
		"entityTextureMode": false
	},
	"textureWidth": 16,
	"textureHeight": 16,
	"textureSizes": {
	},
	"textures": {
		"zinc5": "game:block/metal/sheet/zinc5"
	},
	"elements": [
		{
			"name": "Cube1",
			"from": [ 7.0, 5.0, 7.0 ], 
			"to": [ 8.0, 9.0, 8.0 ], 
			"rotationOrigin": [ 7.0, 5.0, 7.0 ],
			"faces": {
				"north": { "texture": "#zinc5", "uv": [ 0.0, 0.0, 1.0, 4.0 ] },
				"east": { "texture": "#zinc5", "uv": [ 0.0, 0.0, 1.0, 4.0 ] },
				"south": { "texture": "#zinc5", "uv": [ 0.0, 0.0, 1.0, 4.0 ] },
				"west": { "texture": "#zinc5", "uv": [ 0.0, 0.0, 1.0, 4.0 ] },
				"up": { "texture": "#zinc5", "uv": [ 0.0, 0.0, 1.0, 1.0 ] },
				"down": { "texture": "#zinc5", "uv": [ 0.0, 0.0, 1.0, 1.0 ] }
			}
		},
		{
			"name": "Cube2",
			"from": [ 9.4, 5.0, 6.6 ], 
			"to": [ 10.4, 9.0, 7.6 ], 
			"rotationOrigin": [ 9.4, 5.0, 6.6 ],
			"rotationY": 45.0,
			"rotationZ": 90.0,
			"faces": {
				"north": { "texture": "#zinc5", "uv": [ 0.0, 0.0, 1.0, 4.0 ] },
				"east": { "texture": "#zinc5", "uv": [ 0.0, 0.0, 1.0, 4.0 ] },
				"south": { "texture": "#zinc5", "uv": [ 0.0, 0.0, 1.0, 4.0 ] },
				"west": { "texture": "#zinc5", "uv": [ 0.0, 0.0, 1.0, 4.0 ] },
				"up": { "texture": "#zinc5", "uv": [ 0.0, 0.0, 1.0, 1.0 ] },
				"down": { "texture": "#zinc5", "uv": [ 0.0, 0.0, 1.0, 1.0 ] }
			}
		}
	]}