{
	code: "fancychairwooden",
	creativeinventory: { "general": ["*-north"], "decorative": ["*-north"], "zeekea": ["*-north"] },
	behaviors: [{ name: "HorizontalOrientable" }],
	blockmaterial: "Cloth",
	variantgroups: [
		{ loadFromProperties: "block/wood" },
		{ loadFromProperties: "abstract/horizontalorientation" }
	],
	drawtype: "json",
	textures: {
		"normal1": { base: "game:block/wood/planks/{wood}1" },
		"acacia1": { base: "game:block/wood/planks/{wood}1" }
	},
	shapebytype: { 
		"*-north": {
			base: "block/fancychair",
			rotateY: 0
		},
		"*-east": {
			base: "block/fancychair",
			rotateY: 270
		},
		"*-south": {
			base: "block/fancychair",
			rotateY: 180
		},
		"*-west": {
			base: "block/fancychair",
			rotateY: 90
		}
	},
	lightAbsorption: 0,
	sidesolid: {
		all: "false"
	},
	sideopaque: {
		all: "false"
	},
	collisionboxes: [ 
		{ x1: 0.125, y1: 0, z1: 0.125, x2: 0.875, y2: 0.5, z2: 0.875, rotateYByType: {  "*-south": 180, "*-east": 270, "*-west": 90 } }, 
		{ x1: 0.125, y1: 0.5, z1: 0.125, x2: 0.875, y2: 1, z2: 0.25, rotateYByType: {  "*-south": 180, "*-east": 270, "*-west": 90 } },
		{ x1: 0, y1: 0.625, z1: 0.1875, x2: 0.125, y2: 0.75, z2: 0.9375, rotateYByType: {  "*-south": 180, "*-east": 270, "*-west": 90 } },
		{ x1: 0.875, y1: 0.625, z1: 0.1875, x2: 1, y2: 0.75, z2: 0.9375, rotateYByType: {  "*-south": 180, "*-east": 270, "*-west": 90 } } 
	],
	selectionboxes: [ 
		{ x1: 0.125, y1: 0, z1: 0.125, x2: 0.875, y2: 0.5, z2: 0.875, rotateYByType: {  "*-south": 180, "*-east": 270, "*-west": 90 } }, 
		{ x1: 0.125, y1: 0.5, z1: 0.125, x2: 0.875, y2: 1, z2: 0.25, rotateYByType: {  "*-south": 180, "*-east": 270, "*-west": 90 } },
		{ x1: 0, y1: 0.625, z1: 0.1875, x2: 0.125, y2: 0.75, z2: 0.9375, rotateYByType: {  "*-south": 180, "*-east": 270, "*-west": 90 } },
		{ x1: 0.875, y1: 0.625, z1: 0.1875, x2: 1, y2: 0.75, z2: 0.9375, rotateYByType: {  "*-south": 180, "*-east": 270, "*-west": 90 } } 
	],
	resistance: 3.5,
	sounds: {
		"place": "game:block/planks",
		"walk": "game:walk/wood"
	},
	guiTransform: {
		rotation: { x: -22.6, y: -145, z: 0 }
	}
}