{
  "code": "metalsheetstairs",
  "class": "BlockStairs",
  "variantgroups": [{ "code": "metal", "states": ["cursed"], "loadFromProperties": "game:block/metal" }, { "loadFromProperties": "game:abstract/verticalorientation" }, { "loadFromProperties": "game:abstract/horizontalorientation" }, { "code": "cover", "states": ["free", "snow"] }],
  "skipVariants": ["morevariants:*-down-north-snow", "morevariants:*-down-east-snow", "morevariants:*-down-south-snow", "morevariants:*-down-west-snow"],
  "attributes": {
    "canChisel": true,
    "chiselShapeFromCollisionBox": true,
    "partialAttachable": true,
    "handbook": {
      "groupBy": ["metalsheetstairs-*-up-north"],
      "excludeByType": {
        "*-chromium": true,
        "*-platinum": true,
        "*-rhodium": true,
        "*-stainlesssteel": true,
        "*-titanium": true,
        "*-uranium": true,
        "*-cursed": true
      }
    }
  },
  "creativeinventory": { "general": ["*-up-north-free"], "construction": ["*-up-north-free"] },
  "sidesolidByType": {
    "*-up-north-*": { "all": false, "down": true, "north": true },
    "*-up-west-*": { "all": false, "down": true, "west": true },
    "*-up-south-*": { "all": false, "down": true, "south": true },
    "*-up-east-*": { "all": false, "down": true, "east": true },
    "*-down-north-*": { "all": false, "up": true, "north": true },
    "*-down-south-*": { "all": false, "up": true, "south": true },
    "*-down-west-*": { "all": false, "up": true, "west": true },
    "*-down-east-*": { "all": false, "up": true, "east": true }
  },
  "sideopaqueByType": {
    "*-up-north-*": { "all": false, "down": true, "north": true },
    "*-up-west-*": { "all": false, "down": true, "west": true },
    "*-up-south-*": { "all": false, "down": true, "south": true },
    "*-up-east-*": { "all": false, "down": true, "east": true },
    "*-down-north-*": { "all": false, "up": true, "north": true },
    "*-down-south-*": { "all": false, "up": true, "south": true },
    "*-down-west-*": { "all": false, "up": true, "west": true },
    "*-down-east-*": { "all": false, "up": true, "east": true }
  },
  "shapebytype": {
    "*-up-north-free": { "base": "game:block/basic/stairs/normal", "rotateY": 0 },
    "*-up-west-free": { "base": "game:block/basic/stairs/normal", "rotateY": 90 },
    "*-up-south-free": { "base": "game:block/basic/stairs/normal", "rotateY": 180 },
    "*-up-east-free": { "base": "game:block/basic/stairs/normal", "rotateY": 270 },
    "*-up-north-snow": { "base": "game:block/basic/stairs/snow-normal", "rotateY": 0 },
    "*-up-west-snow": { "base": "game:block/basic/stairs/snow-normal", "rotateY": 90 },
    "*-up-south-snow": { "base": "game:block/basic/stairs/snow-normal", "rotateY": 180 },
    "*-up-east-snow": { "base": "game:block/basic/stairs/snow-normal", "rotateY": 270 },
    "*-down-north-free": { "base": "game:block/basic/stairs/flipped", "rotateY": 0 },
    "*-down-west-free": { "base": "game:block/basic/stairs/flipped", "rotateY": 90 },
    "*-down-south-free": { "base": "game:block/basic/stairs/flipped", "rotateY": 180 },
    "*-down-east-free": { "base": "game:block/basic/stairs/flipped", "rotateY": 270 }
  },
  "blockmaterial": "Metal",
  "texturesByType": {
    "*-cursed-*": {
      "all": {
        "base": "block/metal/sheet/{metal}1",
        "alternates": [{ "base": "block/metal/sheet/{metal}2" }, { "base": "block/metal/sheet/{metal}3" }, { "base": "block/metal/sheet/{metal}4" }, { "base": "block/metal/sheet/{metal}5" }]
      }
    },
    "*": {
      "all": {
        "base": "game:block/metal/sheet/{metal}1",
        "alternates": [{ "base": "game:block/metal/sheet/{metal}2" }, { "base": "game:block/metal/sheet/{metal}3" }, { "base": "game:block/metal/sheet/{metal}4" }, { "base": "game:block/metal/sheet/{metal}5" }]
      }
    }
  },
  "replaceable": 140,
  "resistance": 2,
  "emitSideAo": { "all": true },
  "sounds": {
    "walk": "game:walk/stone",
    "hit": "game:block/anvil",
    "byTool": {
      "Pickaxe": { "hit": "game:block/rock-hit-pickaxe", "break": "game:block/rock-break-pickaxe" }
    }
  },
  "collisionSelectionBoxesByType": {
    "*-down-*": [
      { "x1": 0, "y1": 0.5, "z1": 0, "x2": 1, "y2": 1, "z2": 1 },
      {
        "x1": 0,
        "y1": 0,
        "z1": 0.5,
        "x2": 1,
        "y2": 0.5,
        "z2": 1,
        "rotateYByType": {
          "*-north-*": 180,
          "*-east-*": 90,
          "*-south-*": 0,
          "*-west-*": 270
        }
      }
    ],
    "*-up-*": [
      { "x1": 0, "y1": 0, "z1": 0, "x2": 1, "y2": 0.5, "z2": 1 },
      {
        "x1": 0,
        "y1": 0.5,
        "z1": 0.5,
        "x2": 1,
        "y2": 1,
        "z2": 1,
        "rotateYByType": {
          "*-north-*": 180,
          "*-east-*": 90,
          "*-south-*": 0,
          "*-west-*": 270
        }
      }
    ]
  },
  "heldTpIdleAnimation": "holdbothhandslarge",
  "heldTpUseAnimation": "twohandplaceblock",
  "tpHandTransform": {
    "translation": { "x": -1.2, "y": -1.1, "z": -0.8 },
    "rotation": { "x": -2, "y": 25, "z": -78 },
    "scale": 0.37
  }
}
