{
	"editor": {
		"allAngles": false,
		"entityTextureMode": false
	},
	"textureWidth": 8,
	"textureHeight": 8,
	"textureSizes": {
		"snowcover": [16,16]
	},
	"textures": {
		"snowcover": "game:block/snow/normal1"
	},
	"elements": [
		{
			"name": "Cube1",
			"from": [ 0.0, 0.0, 1.0 ], 
			"to": [ 1.0, 1.0, 3.0 ], 
			"rotationOrigin": [ 0.0, 0.0, 1.0 ],
			"faces": {
				"north": { "texture": "#null", "uv": [ 0.0, 0.0, 1.0, 1.0 ] },
				"east": { "texture": "#null", "uv": [ 0.0, 0.0, 2.0, 1.0 ] },
				"south": { "texture": "#null", "uv": [ 0.0, 0.0, 1.0, 1.0 ] },
				"west": { "texture": "#null", "uv": [ 0.0, 0.0, 2.0, 1.0 ] },
				"up": { "texture": "#null", "uv": [ 0.0, 0.0, 1.0, 2.0 ] },
				"down": { "texture": "#null", "uv": [ 0.0, 0.0, 1.0, 2.0 ] }
			},
			"children": [
				{
					"name": "Cube2",
					"from": [ 1.0, 0.0, -1.0 ], 
					"to": [ 3.0, 1.0, 2.0 ], 
					"rotationOrigin": [ 1.0, 0.0, -1.0 ],
					"faces": {
						"north": { "texture": "#null", "uv": [ 0.0, 0.0, 2.0, 1.0 ] },
						"east": { "texture": "#null", "uv": [ 0.0, 0.0, 3.0, 1.0 ] },
						"south": { "texture": "#null", "uv": [ 0.0, 0.0, 2.0, 1.0 ] },
						"west": { "texture": "#null", "uv": [ 0.0, 0.0, 3.0, 1.0 ] },
						"up": { "texture": "#null", "uv": [ 0.0, 0.0, 2.0, 3.0 ] },
						"down": { "texture": "#null", "uv": [ 0.0, 0.0, 2.0, 3.0 ] }
					},
					"children": [
						{
							"name": "Cube-snow2",
							"from": [ 0.0, 1.0, 0.0 ], 
							"to": [ 2.0, 2.0, 1.0 ], 
							"rotationOrigin": [ 0.0, 1.0, 0.0 ],
							"faces": {
								"north": { "texture": "#snowcover", "uv": [ 0.0, 0.0, 2.0, 1.0 ] },
								"east": { "texture": "#snowcover", "uv": [ 0.0, 0.0, 1.0, 1.0 ] },
								"south": { "texture": "#snowcover", "uv": [ 0.0, 0.0, 2.0, 1.0 ] },
								"west": { "texture": "#snowcover", "uv": [ 0.0, 0.0, 1.0, 1.0 ] },
								"up": { "texture": "#snowcover", "uv": [ 0.0, 0.0, 2.0, 1.0 ] },
								"down": { "texture": "#snowcover", "uv": [ 0.0, 0.0, 2.0, 1.0 ] }
							}
						}
					]
				},
				{
					"name": "Cube3",
					"from": [ 1.0, 1.0, 0.0 ], 
					"to": [ 3.0, 2.0, 2.0 ], 
					"rotationOrigin": [ 1.0, 1.0, 0.0 ],
					"faces": {
						"north": { "texture": "#null", "uv": [ 0.0, 0.0, 2.0, 1.0 ] },
						"east": { "texture": "#null", "uv": [ 0.0, 0.0, 2.0, 1.0 ] },
						"south": { "texture": "#null", "uv": [ 0.0, 0.0, 2.0, 1.0 ] },
						"west": { "texture": "#null", "uv": [ 0.0, 0.0, 2.0, 1.0 ] },
						"up": { "texture": "#null", "uv": [ 0.0, 0.0, 2.0, 2.0 ] },
						"down": { "texture": "#null", "uv": [ 0.0, 0.0, 2.0, 2.0 ] }
					},
					"children": [
						{
							"name": "Cube-snow3",
							"from": [ 0.0, 1.0, 0.0 ], 
							"to": [ 2.0, 2.0, 2.0 ], 
							"rotationOrigin": [ 0.0, 1.0, 0.0 ],
							"faces": {
								"north": { "texture": "#snowcover", "uv": [ 0.0, 0.0, 2.0, 1.0 ] },
								"east": { "texture": "#snowcover", "uv": [ 0.0, 0.0, 2.0, 1.0 ] },
								"south": { "texture": "#snowcover", "uv": [ 0.0, 0.0, 2.0, 1.0 ] },
								"west": { "texture": "#snowcover", "uv": [ 0.0, 0.0, 2.0, 1.0 ] },
								"up": { "texture": "#snowcover", "uv": [ 0.0, 0.0, 2.0, 2.0 ] },
								"down": { "texture": "#snowcover", "uv": [ 0.0, 0.0, 2.0, 2.0 ] }
							}
						}
					]
				},
				{
					"name": "Cube-snow1",
					"from": [ 0.0, 1.0, 0.0 ], 
					"to": [ 1.0, 2.0, 2.0 ], 
					"rotationOrigin": [ 0.0, 1.0, 0.0 ],
					"faces": {
						"north": { "texture": "#snowcover", "uv": [ 0.0, 0.0, 1.0, 1.0 ] },
						"east": { "texture": "#snowcover", "uv": [ 0.0, 0.0, 2.0, 1.0 ] },
						"south": { "texture": "#snowcover", "uv": [ 0.0, 0.0, 1.0, 1.0 ] },
						"west": { "texture": "#snowcover", "uv": [ 0.0, 0.0, 2.0, 1.0 ] },
						"up": { "texture": "#snowcover", "uv": [ 0.0, 0.0, 1.0, 2.0 ] },
						"down": { "texture": "#snowcover", "uv": [ 0.0, 0.0, 1.0, 2.0 ] }
					}
				},
				{
					"name": "Cube-snow12",
					"from": [ 0.0, 0.0, -1.0 ], 
					"to": [ 1.0, 1.0, 0.0 ], 
					"rotationOrigin": [ 0.0, 0.0, -1.0 ],
					"faces": {
						"north": { "texture": "#snowcover", "uv": [ 0.0, 0.0, 1.0, 1.0 ] },
						"east": { "texture": "#snowcover", "uv": [ 0.0, 0.0, 1.0, 1.0 ] },
						"south": { "texture": "#snowcover", "uv": [ 0.0, 0.0, 1.0, 1.0 ] },
						"west": { "texture": "#snowcover", "uv": [ 0.0, 0.0, 1.0, 1.0 ] },
						"up": { "texture": "#snowcover", "uv": [ 0.0, 0.0, 1.0, 1.0 ] },
						"down": { "texture": "#snowcover", "uv": [ 0.0, 0.0, 1.0, 1.0 ] }
					}
				},
				{
					"name": "Cube-snow13",
					"from": [ 3.0, 0.0, -1.0 ], 
					"to": [ 4.0, 1.0, 2.0 ], 
					"rotationOrigin": [ 3.0, 0.0, -1.0 ],
					"faces": {
						"north": { "texture": "#snowcover", "uv": [ 0.0, 0.0, 1.0, 1.0 ] },
						"east": { "texture": "#snowcover", "uv": [ 0.0, 0.0, 3.0, 1.0 ] },
						"south": { "texture": "#snowcover", "uv": [ 0.0, 0.0, 1.0, 1.0 ] },
						"west": { "texture": "#snowcover", "uv": [ 0.0, 0.0, 3.0, 1.0 ] },
						"up": { "texture": "#snowcover", "uv": [ 0.0, 0.0, 1.0, 3.0 ] },
						"down": { "texture": "#snowcover", "uv": [ 0.0, 0.0, 1.0, 3.0 ] }
					}
				}
			]
		},
		{
			"name": "Cube4",
			"from": [ 4.0, 0.0, 0.0 ], 
			"to": [ 6.0, 2.0, 2.0 ], 
			"rotationOrigin": [ 4.0, 0.0, 0.0 ],
			"faces": {
				"north": { "texture": "#null", "uv": [ 0.0, 0.0, 2.0, 2.0 ] },
				"east": { "texture": "#null", "uv": [ 0.0, 0.0, 2.0, 2.0 ] },
				"south": { "texture": "#null", "uv": [ 0.0, 0.0, 2.0, 2.0 ] },
				"west": { "texture": "#null", "uv": [ 0.0, 0.0, 2.0, 2.0 ] },
				"up": { "texture": "#null", "uv": [ 0.0, 0.0, 2.0, 2.0 ] },
				"down": { "texture": "#null", "uv": [ 0.0, 0.0, 2.0, 2.0 ] }
			},
			"children": [
				{
					"name": "Cube-snow4",
					"from": [ 0.0, 2.0, 0.0 ], 
					"to": [ 2.0, 3.0, 2.0 ], 
					"rotationOrigin": [ 0.0, 2.0, 0.0 ],
					"faces": {
						"north": { "texture": "#snowcover", "uv": [ 0.0, 0.0, 2.0, 1.0 ] },
						"east": { "texture": "#snowcover", "uv": [ 0.0, 0.0, 2.0, 1.0 ] },
						"south": { "texture": "#snowcover", "uv": [ 0.0, 0.0, 2.0, 1.0 ] },
						"west": { "texture": "#snowcover", "uv": [ 0.0, 0.0, 2.0, 1.0 ] },
						"up": { "texture": "#snowcover", "uv": [ 0.0, 0.0, 2.0, 2.0 ] },
						"down": { "texture": "#snowcover", "uv": [ 0.0, 0.0, 2.0, 2.0 ] }
					}
				},
				{
					"name": "Cube-snow14",
					"from": [ 0.0, 0.0, 2.0 ], 
					"to": [ 2.0, 1.0, 3.0 ], 
					"rotationOrigin": [ 0.0, 0.0, 2.0 ],
					"faces": {
						"north": { "texture": "#snowcover", "uv": [ 0.0, 0.0, 2.0, 1.0 ] },
						"east": { "texture": "#snowcover", "uv": [ 0.0, 0.0, 1.0, 1.0 ] },
						"south": { "texture": "#snowcover", "uv": [ 0.0, 0.0, 2.0, 1.0 ] },
						"west": { "texture": "#snowcover", "uv": [ 0.0, 0.0, 1.0, 1.0 ] },
						"up": { "texture": "#snowcover", "uv": [ 0.0, 0.0, 2.0, 1.0 ] },
						"down": { "texture": "#snowcover", "uv": [ 0.0, 0.0, 2.0, 1.0 ] }
					}
				},
				{
					"name": "Cube-snow15",
					"from": [ 2.0, 0.0, 0.0 ], 
					"to": [ 3.0, 1.0, 3.0 ], 
					"rotationOrigin": [ 2.0, 0.0, 0.0 ],
					"faces": {
						"north": { "texture": "#snowcover", "uv": [ 0.0, 0.0, 1.0, 1.0 ] },
						"east": { "texture": "#snowcover", "uv": [ 0.0, 0.0, 3.0, 1.0 ] },
						"south": { "texture": "#snowcover", "uv": [ 0.0, 0.0, 1.0, 1.0 ] },
						"west": { "texture": "#snowcover", "uv": [ 0.0, 0.0, 3.0, 1.0 ] },
						"up": { "texture": "#snowcover", "uv": [ 0.0, 0.0, 1.0, 3.0 ] },
						"down": { "texture": "#snowcover", "uv": [ 0.0, 0.0, 1.0, 3.0 ] }
					}
				}
			]
		},
		{
			"name": "Cube6",
			"from": [ 8.0, 0.0, 0.0 ], 
			"to": [ 10.0, 1.0, 1.0 ], 
			"rotationOrigin": [ 8.0, 0.0, 0.0 ],
			"faces": {
				"north": { "texture": "#null", "uv": [ 0.0, 0.0, 2.0, 1.0 ] },
				"east": { "texture": "#null", "uv": [ 0.0, 0.0, 1.0, 1.0 ] },
				"south": { "texture": "#null", "uv": [ 0.0, 0.0, 2.0, 1.0 ] },
				"west": { "texture": "#null", "uv": [ 0.0, 0.0, 1.0, 1.0 ] },
				"up": { "texture": "#null", "uv": [ 0.0, 0.0, 2.0, 1.0 ] },
				"down": { "texture": "#null", "uv": [ 0.0, 0.0, 2.0, 1.0 ] }
			},
			"children": [
				{
					"name": "Cube8",
					"from": [ -1.0, 0.0, 1.0 ], 
					"to": [ 2.0, 2.0, 2.0 ], 
					"rotationOrigin": [ -1.0, 0.0, 1.0 ],
					"faces": {
						"north": { "texture": "#null", "uv": [ 0.0, 0.0, 3.0, 2.0 ] },
						"east": { "texture": "#null", "uv": [ 0.0, 0.0, 1.0, 2.0 ] },
						"south": { "texture": "#null", "uv": [ 0.0, 0.0, 3.0, 2.0 ] },
						"west": { "texture": "#null", "uv": [ 0.0, 0.0, 1.0, 2.0 ] },
						"up": { "texture": "#null", "uv": [ 0.0, 0.0, 3.0, 1.0 ] },
						"down": { "texture": "#null", "uv": [ 0.0, 0.0, 3.0, 1.0 ] }
					},
					"children": [
						{
							"name": "Cube-snow6",
							"from": [ 0.0, 2.0, 0.0 ], 
							"to": [ 3.0, 3.0, 1.0 ], 
							"rotationOrigin": [ 0.0, 2.0, 0.0 ],
							"faces": {
								"north": { "texture": "#snowcover", "uv": [ 0.0, 0.0, 3.0, 1.0 ] },
								"east": { "texture": "#snowcover", "uv": [ 0.0, 0.0, 1.0, 1.0 ] },
								"south": { "texture": "#snowcover", "uv": [ 0.0, 0.0, 3.0, 1.0 ] },
								"west": { "texture": "#snowcover", "uv": [ 0.0, 0.0, 1.0, 1.0 ] },
								"up": { "texture": "#snowcover", "uv": [ 0.0, 0.0, 3.0, 1.0 ] },
								"down": { "texture": "#snowcover", "uv": [ 0.0, 0.0, 3.0, 1.0 ] }
							}
						}
					]
				},
				{
					"name": "Cube9",
					"from": [ -1.0, 0.0, 2.0 ], 
					"to": [ 1.0, 1.0, 3.0 ], 
					"rotationOrigin": [ -1.0, 0.0, 2.0 ],
					"faces": {
						"north": { "texture": "#null", "uv": [ 0.0, 0.0, 2.0, 1.0 ] },
						"east": { "texture": "#null", "uv": [ 0.0, 0.0, 1.0, 1.0 ] },
						"south": { "texture": "#null", "uv": [ 0.0, 0.0, 2.0, 1.0 ] },
						"west": { "texture": "#null", "uv": [ 0.0, 0.0, 1.0, 1.0 ] },
						"up": { "texture": "#null", "uv": [ 0.0, 0.0, 2.0, 1.0 ] },
						"down": { "texture": "#null", "uv": [ 0.0, 0.0, 2.0, 1.0 ] }
					},
					"children": [
						{
							"name": "Cube-snow7",
							"from": [ 0.0, 1.0, 0.0 ], 
							"to": [ 2.0, 2.0, 1.0 ], 
							"rotationOrigin": [ 0.0, 1.0, 0.0 ],
							"faces": {
								"north": { "texture": "#snowcover", "uv": [ 0.0, 0.0, 2.0, 1.0 ] },
								"east": { "texture": "#snowcover", "uv": [ 0.0, 0.0, 1.0, 1.0 ] },
								"south": { "texture": "#snowcover", "uv": [ 0.0, 0.0, 2.0, 1.0 ] },
								"west": { "texture": "#snowcover", "uv": [ 0.0, 0.0, 1.0, 1.0 ] },
								"up": { "texture": "#snowcover", "uv": [ 0.0, 0.0, 2.0, 1.0 ] },
								"down": { "texture": "#snowcover", "uv": [ 0.0, 0.0, 2.0, 1.0 ] }
							}
						}
					]
				},
				{
					"name": "Cube-snow5",
					"from": [ 0.0, 1.0, 0.0 ], 
					"to": [ 2.0, 2.0, 1.0 ], 
					"rotationOrigin": [ 0.0, 1.0, 0.0 ],
					"faces": {
						"north": { "texture": "#snowcover", "uv": [ 0.0, 0.0, 2.0, 1.0 ] },
						"east": { "texture": "#snowcover", "uv": [ 0.0, 0.0, 1.0, 1.0 ] },
						"south": { "texture": "#snowcover", "uv": [ 0.0, 0.0, 2.0, 1.0 ] },
						"west": { "texture": "#snowcover", "uv": [ 0.0, 0.0, 1.0, 1.0 ] },
						"up": { "texture": "#snowcover", "uv": [ 0.0, 0.0, 2.0, 1.0 ] },
						"down": { "texture": "#snowcover", "uv": [ 0.0, 0.0, 2.0, 1.0 ] }
					}
				},
				{
					"name": "Cube-snow16",
					"from": [ -1.0, 0.0, 0.0 ], 
					"to": [ 0.0, 1.0, 1.0 ], 
					"rotationOrigin": [ -1.0, 0.0, 0.0 ],
					"faces": {
						"north": { "texture": "#snowcover", "uv": [ 0.0, 0.0, 1.0, 1.0 ] },
						"east": { "texture": "#snowcover", "uv": [ 0.0, 0.0, 1.0, 1.0 ] },
						"south": { "texture": "#snowcover", "uv": [ 0.0, 0.0, 1.0, 1.0 ] },
						"west": { "texture": "#snowcover", "uv": [ 0.0, 0.0, 1.0, 1.0 ] },
						"up": { "texture": "#snowcover", "uv": [ 0.0, 0.0, 1.0, 1.0 ] },
						"down": { "texture": "#snowcover", "uv": [ 0.0, 0.0, 1.0, 1.0 ] }
					}
				},
				{
					"name": "Cube-snow17",
					"from": [ 1.0, 0.0, 2.0 ], 
					"to": [ 2.0, 1.0, 3.0 ], 
					"rotationOrigin": [ 1.0, 0.0, 2.0 ],
					"faces": {
						"north": { "texture": "#snowcover", "uv": [ 0.0, 0.0, 1.0, 1.0 ] },
						"east": { "texture": "#snowcover", "uv": [ 0.0, 0.0, 1.0, 1.0 ] },
						"south": { "texture": "#snowcover", "uv": [ 0.0, 0.0, 1.0, 1.0 ] },
						"west": { "texture": "#snowcover", "uv": [ 0.0, 0.0, 1.0, 1.0 ] },
						"up": { "texture": "#snowcover", "uv": [ 0.0, 0.0, 1.0, 1.0 ] },
						"down": { "texture": "#snowcover", "uv": [ 0.0, 0.0, 1.0, 1.0 ] }
					}
				},
				{
					"name": "Cube-snow18",
					"from": [ 2.0, 0.0, 0.0 ], 
					"to": [ 3.0, 1.0, 3.0 ], 
					"rotationOrigin": [ 2.0, 0.0, 0.0 ],
					"faces": {
						"north": { "texture": "#snowcover", "uv": [ 0.0, 0.0, 1.0, 1.0 ] },
						"east": { "texture": "#snowcover", "uv": [ 0.0, 0.0, 3.0, 1.0 ] },
						"south": { "texture": "#snowcover", "uv": [ 0.0, 0.0, 1.0, 1.0 ] },
						"west": { "texture": "#snowcover", "uv": [ 0.0, 0.0, 3.0, 1.0 ] },
						"up": { "texture": "#snowcover", "uv": [ 0.0, 0.0, 1.0, 3.0 ] },
						"down": { "texture": "#snowcover", "uv": [ 0.0, 0.0, 1.0, 3.0 ] }
					}
				}
			]
		},
		{
			"name": "Cube12",
			"from": [ 11.0, 0.0, 0.0 ], 
			"to": [ 15.0, 1.0, 2.0 ], 
			"rotationOrigin": [ 11.0, 0.0, 0.0 ],
			"faces": {
				"north": { "texture": "#null", "uv": [ 0.0, 0.0, 4.0, 1.0 ] },
				"east": { "texture": "#null", "uv": [ 0.0, 0.0, 2.0, 1.0 ] },
				"south": { "texture": "#null", "uv": [ 0.0, 0.0, 4.0, 1.0 ] },
				"west": { "texture": "#null", "uv": [ 0.0, 0.0, 2.0, 1.0 ] },
				"up": { "texture": "#null", "uv": [ 0.0, 0.0, 4.0, 2.0 ] },
				"down": { "texture": "#null", "uv": [ 0.0, 0.0, 4.0, 2.0 ] }
			},
			"children": [
				{
					"name": "Cube13",
					"from": [ 1.0, 1.0, 0.0 ], 
					"to": [ 3.0, 2.0, 2.0 ], 
					"rotationOrigin": [ 1.0, 1.0, 0.0 ],
					"faces": {
						"north": { "texture": "#null", "uv": [ 0.0, 0.0, 2.0, 1.0 ] },
						"east": { "texture": "#null", "uv": [ 0.0, 0.0, 2.0, 1.0 ] },
						"south": { "texture": "#null", "uv": [ 0.0, 0.0, 2.0, 1.0 ] },
						"west": { "texture": "#null", "uv": [ 0.0, 0.0, 2.0, 1.0 ] },
						"up": { "texture": "#null", "uv": [ 0.0, 0.0, 2.0, 2.0 ] },
						"down": { "texture": "#null", "uv": [ 0.0, 0.0, 2.0, 2.0 ] }
					},
					"children": [
						{
							"name": "Cube-snow10",
							"from": [ 0.0, 1.0, 0.0 ], 
							"to": [ 2.0, 2.0, 2.0 ], 
							"rotationOrigin": [ 0.0, 1.0, 0.0 ],
							"faces": {
								"north": { "texture": "#snowcover", "uv": [ 0.0, 0.0, 2.0, 1.0 ] },
								"east": { "texture": "#snowcover", "uv": [ 0.0, 0.0, 2.0, 1.0 ] },
								"south": { "texture": "#snowcover", "uv": [ 0.0, 0.0, 2.0, 1.0 ] },
								"west": { "texture": "#snowcover", "uv": [ 0.0, 0.0, 2.0, 1.0 ] },
								"up": { "texture": "#snowcover", "uv": [ 0.0, 0.0, 2.0, 2.0 ] },
								"down": { "texture": "#snowcover", "uv": [ 0.0, 0.0, 2.0, 2.0 ] }
							}
						}
					]
				},
				{
					"name": "Cube14",
					"from": [ 1.0, 0.0, 2.0 ], 
					"to": [ 3.0, 1.0, 3.0 ], 
					"rotationOrigin": [ 1.0, 0.0, 2.0 ],
					"faces": {
						"north": { "texture": "#null", "uv": [ 0.0, 0.0, 2.0, 1.0 ] },
						"east": { "texture": "#null", "uv": [ 0.0, 0.0, 1.0, 1.0 ] },
						"south": { "texture": "#null", "uv": [ 0.0, 0.0, 2.0, 1.0 ] },
						"west": { "texture": "#null", "uv": [ 0.0, 0.0, 1.0, 1.0 ] },
						"up": { "texture": "#null", "uv": [ 0.0, 0.0, 2.0, 1.0 ] },
						"down": { "texture": "#null", "uv": [ 0.0, 0.0, 2.0, 1.0 ] }
					},
					"children": [
						{
							"name": "Cube-snow11",
							"from": [ 0.0, 1.0, 0.0 ], 
							"to": [ 2.0, 2.0, 1.0 ], 
							"rotationOrigin": [ 0.0, 1.0, 0.0 ],
							"faces": {
								"north": { "texture": "#snowcover", "uv": [ 0.0, 0.0, 2.0, 1.0 ] },
								"east": { "texture": "#snowcover", "uv": [ 0.0, 0.0, 1.0, 1.0 ] },
								"south": { "texture": "#snowcover", "uv": [ 0.0, 0.0, 2.0, 1.0 ] },
								"west": { "texture": "#snowcover", "uv": [ 0.0, 0.0, 1.0, 1.0 ] },
								"up": { "texture": "#snowcover", "uv": [ 0.0, 0.0, 2.0, 1.0 ] },
								"down": { "texture": "#snowcover", "uv": [ 0.0, 0.0, 2.0, 1.0 ] }
							}
						}
					]
				},
				{
					"name": "Cube-snow8",
					"from": [ 0.0, 1.0, 0.0 ], 
					"to": [ 1.0, 2.0, 2.0 ], 
					"rotationOrigin": [ 0.0, 1.0, 0.0 ],
					"faces": {
						"north": { "texture": "#snowcover", "uv": [ 0.0, 0.0, 1.0, 1.0 ] },
						"east": { "texture": "#snowcover", "uv": [ 0.0, 0.0, 2.0, 1.0 ] },
						"south": { "texture": "#snowcover", "uv": [ 0.0, 0.0, 1.0, 1.0 ] },
						"west": { "texture": "#snowcover", "uv": [ 0.0, 0.0, 2.0, 1.0 ] },
						"up": { "texture": "#snowcover", "uv": [ 0.0, 0.0, 1.0, 2.0 ] },
						"down": { "texture": "#snowcover", "uv": [ 0.0, 0.0, 1.0, 2.0 ] }
					}
				},
				{
					"name": "Cube-snow9",
					"from": [ 3.0, 1.0, 0.0 ], 
					"to": [ 4.0, 2.0, 2.0 ], 
					"rotationOrigin": [ 3.0, 1.0, 0.0 ],
					"faces": {
						"north": { "texture": "#snowcover", "uv": [ 0.0, 0.0, 1.0, 1.0 ] },
						"east": { "texture": "#snowcover", "uv": [ 0.0, 0.0, 2.0, 1.0 ] },
						"south": { "texture": "#snowcover", "uv": [ 0.0, 0.0, 1.0, 1.0 ] },
						"west": { "texture": "#snowcover", "uv": [ 0.0, 0.0, 2.0, 1.0 ] },
						"up": { "texture": "#snowcover", "uv": [ 0.0, 0.0, 1.0, 2.0 ] },
						"down": { "texture": "#snowcover", "uv": [ 0.0, 0.0, 1.0, 2.0 ] }
					}
				},
				{
					"name": "Cube-snow19",
					"from": [ 0.0, 0.0, 2.0 ], 
					"to": [ 1.0, 1.0, 3.0 ], 
					"rotationOrigin": [ 0.0, 0.0, 2.0 ],
					"faces": {
						"north": { "texture": "#snowcover", "uv": [ 0.0, 0.0, 1.0, 1.0 ] },
						"east": { "texture": "#snowcover", "uv": [ 0.0, 0.0, 1.0, 1.0 ] },
						"south": { "texture": "#snowcover", "uv": [ 0.0, 0.0, 1.0, 1.0 ] },
						"west": { "texture": "#snowcover", "uv": [ 0.0, 0.0, 1.0, 1.0 ] },
						"up": { "texture": "#snowcover", "uv": [ 0.0, 0.0, 1.0, 1.0 ] },
						"down": { "texture": "#snowcover", "uv": [ 0.0, 0.0, 1.0, 1.0 ] }
					}
				},
				{
					"name": "Cube-snow20",
					"from": [ 3.0, 0.0, 2.0 ], 
					"to": [ 4.0, 1.0, 3.0 ], 
					"rotationOrigin": [ 3.0, 0.0, 2.0 ],
					"faces": {
						"north": { "texture": "#snowcover", "uv": [ 0.0, 0.0, 1.0, 1.0 ] },
						"east": { "texture": "#snowcover", "uv": [ 0.0, 0.0, 1.0, 1.0 ] },
						"south": { "texture": "#snowcover", "uv": [ 0.0, 0.0, 1.0, 1.0 ] },
						"west": { "texture": "#snowcover", "uv": [ 0.0, 0.0, 1.0, 1.0 ] },
						"up": { "texture": "#snowcover", "uv": [ 0.0, 0.0, 1.0, 1.0 ] },
						"down": { "texture": "#snowcover", "uv": [ 0.0, 0.0, 1.0, 1.0 ] }
					}
				},
				{
					"name": "Cube-snow21",
					"from": [ 4.0, 0.0, 0.0 ], 
					"to": [ 5.0, 1.0, 3.0 ], 
					"rotationOrigin": [ 4.0, 0.0, 0.0 ],
					"faces": {
						"north": { "texture": "#snowcover", "uv": [ 0.0, 0.0, 1.0, 1.0 ] },
						"east": { "texture": "#snowcover", "uv": [ 0.0, 0.0, 3.0, 1.0 ] },
						"south": { "texture": "#snowcover", "uv": [ 0.0, 0.0, 1.0, 1.0 ] },
						"west": { "texture": "#snowcover", "uv": [ 0.0, 0.0, 3.0, 1.0 ] },
						"up": { "texture": "#snowcover", "uv": [ 0.0, 0.0, 1.0, 3.0 ] },
						"down": { "texture": "#snowcover", "uv": [ 0.0, 0.0, 1.0, 3.0 ] }
					}
				},
				{
					"name": "Cube-snow22",
					"from": [ -11.0, 0.0, 3.0 ], 
					"to": [ 5.0, 1.0, 16.0 ], 
					"rotationOrigin": [ -11.0, 0.0, 3.0 ],
					"faces": {
						"north": { "texture": "#snowcover", "uv": [ 0.0, 0.0, 16.0, 1.0 ] },
						"east": { "texture": "#snowcover", "uv": [ 0.0, 0.0, 13.0, 1.0 ] },
						"south": { "texture": "#snowcover", "uv": [ 0.0, 0.0, 16.0, 1.0 ] },
						"west": { "texture": "#snowcover", "uv": [ 0.0, 0.0, 13.0, 1.0 ] },
						"up": { "texture": "#snowcover", "uv": [ 0.0, 0.0, 16.0, 13.0 ] },
						"down": { "texture": "#snowcover", "uv": [ 0.0, 0.0, 16.0, 13.0 ] }
					}
				}
			]
		}
	]}