{
	"editor": {
		"allAngles": false,
		"entityTextureMode": false
	},
	"textureWidth": 16,
	"textureHeight": 4,
	"textureSizes": {
		"snowcover": [16,16]
	},
	"textures": {
		"snowcover": "game:block/snow/normal1"
	},
	"elements": [
		{
			"name": "Cube1",
			"from": [ 0.0, 0.0, 0.0 ], 
			"to": [ 16.0, 4.0, 4.0 ], 
			"faces": {
				"north": { "texture": "#null", "uv": [ 0.0, 0.0, 16.0, 4.0 ] },
				"east": { "texture": "#null", "uv": [ 2.0, 0.0, 6.0, 4.0 ] },
				"south": { "texture": "#null", "uv": [ 0.0, 0.0, 16.0, 4.0 ] },
				"west": { "texture": "#null", "uv": [ 4.0, 0.0, 8.0, 4.0 ] },
				"up": { "texture": "#null", "uv": [ 0.0, 0.0, 16.0, 4.0 ] },
				"down": { "texture": "#null", "uv": [ 0.0, 0.0, 16.0, 4.0 ] }
			},
			"children": [
				{
					"name": "Cube-snow1",
					"from": [ 0.0, 4.0, 0.0 ], 
					"to": [ 16.0, 5.0, 4.0 ], 
					"rotationOrigin": [ 0.0, 4.0, 0.0 ],
					"faces": {
						"north": { "texture": "#snowcover", "uv": [ 0.0, 0.0, 16.0, 1.0 ] },
						"east": { "texture": "#snowcover", "uv": [ 0.0, 0.0, 4.0, 1.0 ] },
						"south": { "texture": "#snowcover", "uv": [ 0.0, 0.0, 16.0, 1.0 ] },
						"west": { "texture": "#snowcover", "uv": [ 0.0, 0.0, 4.0, 1.0 ] },
						"up": { "texture": "#snowcover", "uv": [ 0.0, 0.0, 16.0, 4.0 ] },
						"down": { "texture": "#snowcover", "uv": [ 0.0, 0.0, 16.0, 4.0 ] }
					}
				}
			]
		},
		{
			"name": "Cube2",
			"from": [ 0.0, 0.0, 4.0 ], 
			"to": [ 4.0, 4.0, 16.0 ], 
			"rotationOrigin": [ 0.0, 0.0, 4.0 ],
			"faces": {
				"north": { "texture": "#null", "uv": [ 0.5, 0.0, 4.5, 4.0 ] },
				"east": { "texture": "#null", "uv": [ 4.0, 0.0, 16.0, 4.0 ], "rotation": 180 },
				"south": { "texture": "#null", "uv": [ 0.5, 0.0, 4.5, 4.0 ] },
				"west": { "texture": "#null", "uv": [ 4.0, 0.0, 16.0, 4.0 ] },
				"up": { "texture": "#null", "uv": [ 4.0, 0.0, 16.0, 4.0 ], "rotation": 90 },
				"down": { "texture": "#null", "uv": [ 0.0, 0.0, 12.0, 4.0 ], "rotation": 90 }
			},
			"children": [
				{
					"name": "Cube-snow2",
					"from": [ 0.0, 4.0, 0.0 ], 
					"to": [ 4.0, 5.0, 12.0 ], 
					"rotationOrigin": [ 0.0, 4.0, 0.0 ],
					"faces": {
						"north": { "texture": "#snowcover", "uv": [ 0.0, 0.0, 4.0, 1.0 ] },
						"east": { "texture": "#snowcover", "uv": [ 0.0, 0.0, 12.0, 1.0 ] },
						"south": { "texture": "#snowcover", "uv": [ 0.0, 0.0, 4.0, 1.0 ] },
						"west": { "texture": "#snowcover", "uv": [ 0.0, 0.0, 12.0, 1.0 ] },
						"up": { "texture": "#snowcover", "uv": [ 0.0, 0.0, 4.0, 12.0 ] },
						"down": { "texture": "#snowcover", "uv": [ 0.0, 0.0, 4.0, 12.0 ] }
					}
				},
				{
					"name": "Cube-snow3",
					"from": [ 4.0, 0.0, 0.0 ], 
					"to": [ 16.0, 1.0, 12.0 ], 
					"rotationOrigin": [ 4.0, 0.0, 0.0 ],
					"faces": {
						"north": { "texture": "#snowcover", "uv": [ 0.0, 0.0, 12.0, 1.0 ] },
						"east": { "texture": "#snowcover", "uv": [ 0.0, 0.0, 12.0, 1.0 ] },
						"south": { "texture": "#snowcover", "uv": [ 0.0, 0.0, 12.0, 1.0 ] },
						"west": { "texture": "#snowcover", "uv": [ 0.0, 0.0, 12.0, 1.0 ] },
						"up": { "texture": "#snowcover", "uv": [ 0.0, 0.0, 12.0, 12.0 ] },
						"down": { "texture": "#snowcover", "uv": [ 0.0, 0.0, 12.0, 12.0 ] }
					}
				}
			]
		}
	]}