{
	"editor": {
		"allAngles": false,
		"entityTextureMode": false
	},
	"textureWidth": 16,
	"textureHeight": 4,
	"textureSizes": {
	},
	"textures": {
		
	},
	"elements": [
		{
			"name": "Cube1",
			"from": [ 0.0, 0.0, 0.0 ], 
			"to": [ 4.0, 4.0, 4.0 ], 
			"faces": {
				"north": { "texture": "#null", "uv": [ 10.5, 0.0, 14.5, 4.0 ] },
				"east": { "texture": "#null", "uv": [ 0.5, 0.0, 4.5, 4.0 ] },
				"south": { "texture": "#null", "uv": [ 2.5, 0.0, 6.5, 4.0 ] },
				"west": { "texture": "#null", "uv": [ 9.0, 0.0, 13.0, 4.0 ] },
				"up": { "texture": "#null", "uv": [ 8.5, 0.0, 12.5, 4.0 ] },
				"down": { "texture": "#null", "uv": [ 8.5, 0.0, 12.5, 4.0 ] }
			}
		}
	]}