{
  "editor": {
    "allAngles": false,
    "entityTextureMode": false
  },
  "textureWidth": 16,
  "textureHeight": 16,
  "textureSizes": {},
  "textures": {},
  "elements": [
    {
      "name": "Cube1",
      "from": [0.0, 0.0, 8.0],
      "to": [16.0, 1.0, 9.0],
      "rotationOrigin": [8.0, 0.0, 8.0],
      "rotationY": -45.0,
      "faces": {
        "north": { "texture": "#wood", "uv": [0.0, 10.0, 16.0, 11.0] },
        "east": { "texture": "#wood", "uv": [2.0, 4.5, 3.0, 5.5] },
        "south": { "texture": "#wood", "uv": [0.0, 4.5, 16.0, 5.5] },
        "west": { "texture": "#wood", "uv": [3.0, 5.0, 4.0, 6.0] },
        "up": { "texture": "#wood", "uv": [0.0, 1.5, 16.0, 2.5] },
        "down": { "texture": "#wood", "uv": [0.0, 6.0, 16.0, 7.0] }
      }
    }
  ]
}
