{
  "walkspeed": {
    "code": "stat",
    "defaults": {
      "statname": "walkspeed",
      "intensity": 0.1,
      "duration": 1.0
    }
  },
  "exhaustion": {
    "code": "stat",
    "defaults": {
      "statname": "walkspeed",
      "intensity": -0.1,
      "duration": 1.0
    }
  },
  "meleeWeaponsDamage": {
    "code": "stat",
    "defaults": {
      "statname": "meleeWeaponsDamage",
      "intensity": 1.1,
      "duration": 1.0
    }
  },
  "bloodlust": {
    "code": "condition",
    "defaults": {
      "effects": {
        "meleeWeaponsDamage": {

        },
        "receivedDamageMultiplier": {

        }
      }
    }
  }
}
