{
	"editor": {
		"allAngles": false,
		"entityTextureMode": false
	},
	"textureWidth": 16,
	"textureHeight": 16,
	"textureSizes": {
	},
	"textures": {
		"oak3": "game:block/wood/planks/oak3",
		"granite1": "game:block/stone/cobblestone/granite1"
	},
	"elements": [
		{
			"name": "LeftStand",
			"from": [ 2.0, 2.0, 3.0 ], 
			"to": [ 4.0, 3.0, 13.0 ], 
			"rotationOrigin": [ 2.0, 2.0, 3.0 ],
			"faces": {
				"north": { "texture": "#oak3", "uv": [ 0.0, 0.0, 1.0, 2.0 ], "rotation": 90 },
				"east": { "texture": "#oak3", "uv": [ 0.0, 0.0, 1.0, 10.0 ], "rotation": 90 },
				"south": { "texture": "#oak3", "uv": [ 0.0, 0.0, 1.0, 2.0 ], "rotation": 90 },
				"west": { "texture": "#oak3", "uv": [ 0.0, 0.0, 1.0, 10.0 ], "rotation": 90 },
				"up": { "texture": "#oak3", "uv": [ 0.0, 1.0, 10.0, 3.0 ], "rotation": 90 },
				"down": { "texture": "#oak3", "uv": [ 0.0, 0.0, 10.0, 2.0 ], "rotation": 90 }
			},
			"children": [
				{
					"name": "Cube1",
					"from": [ 0.0, -2.0, -1.0 ], 
					"to": [ 2.0, 0.0, 1.0 ], 
					"rotationOrigin": [ 0.0, -2.0, -1.0 ],
					"faces": {
						"north": { "texture": "#granite1", "uv": [ 0.0, 0.0, 2.0, 2.0 ] },
						"east": { "texture": "#granite1", "uv": [ 0.0, 0.0, 2.0, 2.0 ] },
						"south": { "texture": "#granite1", "uv": [ 0.0, 0.0, 2.0, 2.0 ] },
						"west": { "texture": "#granite1", "uv": [ 0.0, 0.0, 2.0, 2.0 ] },
						"up": { "texture": "#granite1", "uv": [ 0.0, 0.0, 2.0, 2.0 ] },
						"down": { "texture": "#granite1", "uv": [ 0.0, 0.0, 2.0, 2.0 ] }
					}
				},
				{
					"name": "Cube2",
					"from": [ 0.0, -2.0, 9.0 ], 
					"to": [ 2.0, 0.0, 11.0 ], 
					"rotationOrigin": [ 0.0, -2.0, 9.0 ],
					"faces": {
						"north": { "texture": "#granite1", "uv": [ 0.0, 0.0, 2.0, 2.0 ] },
						"east": { "texture": "#granite1", "uv": [ 0.0, 0.0, 2.0, 2.0 ] },
						"south": { "texture": "#granite1", "uv": [ 0.0, 0.0, 2.0, 2.0 ] },
						"west": { "texture": "#granite1", "uv": [ 0.0, 0.0, 2.0, 2.0 ] },
						"up": { "texture": "#granite1", "uv": [ 0.0, 0.0, 2.0, 2.0 ] },
						"down": { "texture": "#granite1", "uv": [ 0.0, 0.0, 2.0, 2.0 ] }
					}
				},
				{
					"name": "Cube4",
					"from": [ 0.1, 0.0, 0.0 ], 
					"to": [ 1.9, 7.0, 1.0 ], 
					"rotationOrigin": [ 0.1, 0.0, 1.0 ],
					"rotationX": 33.0,
					"faces": {
						"north": { "texture": "#oak3", "uv": [ 0.0, 0.0, 1.5, 7.0 ] },
						"east": { "texture": "#oak3", "uv": [ 0.0, 0.0, 1.0, 7.0 ] },
						"south": { "texture": "#oak3", "uv": [ 0.0, 0.0, 1.5, 7.0 ] },
						"west": { "texture": "#oak3", "uv": [ 0.0, 0.0, 1.0, 7.0 ] },
						"up": { "texture": "#oak3", "uv": [ 0.0, 0.0, 1.5, 1.0 ] },
						"down": { "texture": "#oak3", "uv": [ 0.0, 0.0, 1.5, 1.0 ] }
					}
				},
				{
					"name": "Cube5",
					"from": [ 0.1, 0.0, 9.0 ], 
					"to": [ 1.9, 7.0, 10.0 ], 
					"rotationOrigin": [ 0.1, 0.0, 9.0 ],
					"rotationX": -33.0,
					"faces": {
						"north": { "texture": "#oak3", "uv": [ 0.0, 0.0, 1.5, 7.0 ] },
						"east": { "texture": "#oak3", "uv": [ 0.0, 0.0, 1.0, 7.0 ] },
						"south": { "texture": "#oak3", "uv": [ 0.0, 0.0, 1.5, 7.0 ] },
						"west": { "texture": "#oak3", "uv": [ 0.0, 0.0, 1.0, 7.0 ] },
						"up": { "texture": "#oak3", "uv": [ 0.0, 0.0, 1.5, 1.0 ] },
						"down": { "texture": "#oak3", "uv": [ 0.0, 0.0, 1.5, 1.0 ] }
					}
				},
				{
					"name": "Cube6",
					"from": [ 0.0, 5.0, 4.0 ], 
					"to": [ 2.0, 7.0, 6.0 ], 
					"rotationOrigin": [ 0.0, 5.0, 4.0 ],
					"faces": {
						"north": { "texture": "#oak3", "uv": [ 0.0, 0.0, 2.0, 2.0 ] },
						"east": { "texture": "#oak3", "uv": [ 0.0, 0.0, 2.0, 2.0 ] },
						"south": { "texture": "#oak3", "uv": [ 0.0, 0.0, 2.0, 2.0 ] },
						"west": { "texture": "#oak3", "uv": [ 0.0, 0.0, 2.0, 2.0 ] },
						"up": { "texture": "#oak3", "uv": [ 0.0, 0.0, 2.0, 2.0 ] },
						"down": { "texture": "#oak3", "uv": [ 0.0, 0.0, 2.0, 2.0 ] }
					}
				}
			]
		},
		{
			"name": "RightStand",
			"from": [ 8.0, 2.0, 3.0 ], 
			"to": [ 10.0, 3.0, 13.0 ], 
			"rotationOrigin": [ 8.0, 2.0, 3.0 ],
			"faces": {
				"north": { "texture": "#oak3", "uv": [ 0.0, 0.0, 1.0, 2.0 ], "rotation": 90 },
				"east": { "texture": "#oak3", "uv": [ 0.0, 0.0, 1.0, 10.0 ], "rotation": 90 },
				"south": { "texture": "#oak3", "uv": [ 0.0, 0.0, 1.0, 2.0 ], "rotation": 90 },
				"west": { "texture": "#oak3", "uv": [ 0.0, 0.0, 1.0, 10.0 ], "rotation": 90 },
				"up": { "texture": "#oak3", "uv": [ 0.0, 1.0, 10.0, 3.0 ], "rotation": 90 },
				"down": { "texture": "#oak3", "uv": [ 0.0, 0.0, 10.0, 2.0 ], "rotation": 90 }
			},
			"children": [
				{
					"name": "Cube8",
					"from": [ 0.0, -2.0, -1.0 ], 
					"to": [ 2.0, 0.0, 1.0 ], 
					"rotationOrigin": [ 0.0, -2.0, -1.0 ],
					"faces": {
						"north": { "texture": "#granite1", "uv": [ 0.0, 0.0, 2.0, 2.0 ] },
						"east": { "texture": "#granite1", "uv": [ 0.0, 0.0, 2.0, 2.0 ] },
						"south": { "texture": "#granite1", "uv": [ 0.0, 0.0, 2.0, 2.0 ] },
						"west": { "texture": "#granite1", "uv": [ 0.0, 0.0, 2.0, 2.0 ] },
						"up": { "texture": "#granite1", "uv": [ 0.0, 0.0, 2.0, 2.0 ] },
						"down": { "texture": "#granite1", "uv": [ 0.0, 0.0, 2.0, 2.0 ] }
					}
				},
				{
					"name": "Cube9",
					"from": [ 0.0, -2.0, 9.0 ], 
					"to": [ 2.0, 0.0, 11.0 ], 
					"rotationOrigin": [ 0.0, -2.0, 9.0 ],
					"faces": {
						"north": { "texture": "#granite1", "uv": [ 0.0, 0.0, 2.0, 2.0 ] },
						"east": { "texture": "#granite1", "uv": [ 0.0, 0.0, 2.0, 2.0 ] },
						"south": { "texture": "#granite1", "uv": [ 0.0, 0.0, 2.0, 2.0 ] },
						"west": { "texture": "#granite1", "uv": [ 0.0, 0.0, 2.0, 2.0 ] },
						"up": { "texture": "#granite1", "uv": [ 0.0, 0.0, 2.0, 2.0 ] },
						"down": { "texture": "#granite1", "uv": [ 0.0, 0.0, 2.0, 2.0 ] }
					}
				},
				{
					"name": "Cube10",
					"from": [ 0.1, 0.0, 0.0 ], 
					"to": [ 1.9, 7.0, 1.0 ], 
					"rotationOrigin": [ 0.1, 0.0, 1.0 ],
					"rotationX": 33.0,
					"faces": {
						"north": { "texture": "#oak3", "uv": [ 0.0, 0.0, 1.5, 7.0 ] },
						"east": { "texture": "#oak3", "uv": [ 0.0, 0.0, 1.0, 7.0 ] },
						"south": { "texture": "#oak3", "uv": [ 0.0, 0.0, 1.5, 7.0 ] },
						"west": { "texture": "#oak3", "uv": [ 0.0, 0.0, 1.0, 7.0 ] },
						"up": { "texture": "#oak3", "uv": [ 0.0, 0.0, 1.5, 1.0 ] },
						"down": { "texture": "#oak3", "uv": [ 0.0, 0.0, 1.5, 1.0 ] }
					}
				},
				{
					"name": "Cube11",
					"from": [ 0.1, 0.0, 9.0 ], 
					"to": [ 1.9, 7.0, 10.0 ], 
					"rotationOrigin": [ 0.1, 0.0, 9.0 ],
					"rotationX": -33.0,
					"faces": {
						"north": { "texture": "#oak3", "uv": [ 0.0, 0.0, 1.5, 7.0 ] },
						"east": { "texture": "#oak3", "uv": [ 0.0, 0.0, 1.0, 7.0 ] },
						"south": { "texture": "#oak3", "uv": [ 0.0, 0.0, 1.5, 7.0 ] },
						"west": { "texture": "#oak3", "uv": [ 0.0, 0.0, 1.0, 7.0 ] },
						"up": { "texture": "#oak3", "uv": [ 0.0, 0.0, 1.5, 1.0 ] },
						"down": { "texture": "#oak3", "uv": [ 0.0, 0.0, 1.5, 1.0 ] }
					}
				},
				{
					"name": "Cube12",
					"from": [ 0.0, 5.0, 4.0 ], 
					"to": [ 2.0, 7.0, 6.0 ], 
					"rotationOrigin": [ 0.0, 5.0, 4.0 ],
					"faces": {
						"north": { "texture": "#oak3", "uv": [ 0.0, 0.0, 2.0, 2.0 ] },
						"east": { "texture": "#oak3", "uv": [ 0.0, 0.0, 2.0, 2.0 ] },
						"south": { "texture": "#oak3", "uv": [ 0.0, 0.0, 2.0, 2.0 ] },
						"west": { "texture": "#oak3", "uv": [ 0.0, 0.0, 2.0, 2.0 ] },
						"up": { "texture": "#oak3", "uv": [ 0.0, 0.0, 2.0, 2.0 ] },
						"down": { "texture": "#oak3", "uv": [ 0.0, 0.0, 2.0, 2.0 ] }
					}
				}
			]
		},
		{
			"name": "Cube13",
			"from": [ 4.0, 2.0, 4.0 ], 
			"to": [ 8.0, 3.0, 6.0 ], 
			"rotationOrigin": [ 4.0, 2.0, 4.0 ],
			"faces": {
				"north": { "texture": "#oak3", "uv": [ 0.0, 0.0, 4.0, 1.0 ] },
				"east": { "texture": "#oak3", "uv": [ 0.0, 0.0, 2.0, 1.0 ] },
				"south": { "texture": "#oak3", "uv": [ 0.0, 0.0, 4.0, 1.0 ] },
				"west": { "texture": "#oak3", "uv": [ 0.0, 0.0, 2.0, 1.0 ] },
				"up": { "texture": "#oak3", "uv": [ 0.0, 0.0, 4.0, 2.0 ] },
				"down": { "texture": "#oak3", "uv": [ 0.0, 0.0, 4.0, 2.0 ] }
			}
		},
		{
			"name": "Cube14",
			"from": [ 4.0, 2.0, 10.0 ], 
			"to": [ 8.0, 3.0, 12.0 ], 
			"rotationOrigin": [ 4.0, 2.0, 10.0 ],
			"faces": {
				"north": { "texture": "#oak3", "uv": [ 0.0, 0.0, 4.0, 1.0 ] },
				"east": { "texture": "#oak3", "uv": [ 0.0, 0.0, 2.0, 1.0 ] },
				"south": { "texture": "#oak3", "uv": [ 0.0, 0.0, 4.0, 1.0 ] },
				"west": { "texture": "#oak3", "uv": [ 0.0, 0.0, 2.0, 1.0 ] },
				"up": { "texture": "#oak3", "uv": [ 0.0, 0.0, 4.0, 2.0 ] },
				"down": { "texture": "#oak3", "uv": [ 0.0, 0.0, 4.0, 2.0 ] }
			}
		},
		{
			"name": "Axle",
			"from": [ 1.0, 7.5, 7.5 ], 
			"to": [ 15.0, 8.5, 8.5 ], 
			"rotationOrigin": [ 1.0, 8.0, 8.0 ],
			"faces": {
				"north": { "texture": "#oak3", "uv": [ 0.0, 0.0, 14.0, 1.0 ] },
				"east": { "texture": "#oak3", "uv": [ 0.0, 0.0, 1.0, 1.0 ] },
				"south": { "texture": "#oak3", "uv": [ 0.0, 0.0, 14.0, 1.0 ] },
				"west": { "texture": "#oak3", "uv": [ 0.0, 0.0, 1.0, 1.0 ] },
				"up": { "texture": "#oak3", "uv": [ 0.0, 0.0, 14.0, 1.0 ] },
				"down": { "texture": "#oak3", "uv": [ 0.0, 0.0, 14.0, 1.0 ] }
			},
			"children": [
				{
					"name": "Cube16",
					"from": [ 11.0, -2.0, -2.0 ], 
					"to": [ 13.0, 3.0, 3.0 ], 
					"rotationOrigin": [ 11.0, -2.0, -2.0 ],
					"faces": {
						"north": { "texture": "#granite1", "uv": [ 0.0, 0.0, 2.0, 5.0 ] },
						"east": { "texture": "#granite1", "uv": [ 0.0, 0.0, 5.0, 5.0 ] },
						"south": { "texture": "#granite1", "uv": [ 0.0, 0.0, 2.0, 5.0 ] },
						"west": { "texture": "#granite1", "uv": [ 0.0, 0.0, 5.0, 5.0 ] },
						"up": { "texture": "#granite1", "uv": [ 0.0, 0.0, 2.0, 5.0 ] },
						"down": { "texture": "#granite1", "uv": [ 0.0, 0.0, 2.0, 5.0 ] }
					},
					"children": [
						{
							"name": "Cube17",
							"from": [ 0.5, 5.0, 1.0 ], 
							"to": [ 1.5, 6.0, 4.0 ], 
							"rotationOrigin": [ 0.5, 5.0, 1.0 ],
							"faces": {
								"north": { "texture": "#granite1", "uv": [ 0.0, 0.0, 1.0, 1.0 ] },
								"east": { "texture": "#granite1", "uv": [ 0.0, 0.0, 3.0, 1.0 ] },
								"south": { "texture": "#granite1", "uv": [ 0.0, 0.0, 1.0, 1.0 ] },
								"west": { "texture": "#granite1", "uv": [ 0.0, 0.0, 3.0, 1.0 ] },
								"up": { "texture": "#granite1", "uv": [ 0.0, 0.0, 1.0, 3.0 ] },
								"down": { "texture": "#granite1", "uv": [ 0.0, 0.0, 1.0, 3.0 ] }
							}
						},
						{
							"name": "Cube18",
							"from": [ 0.5, -1.0, 1.0 ], 
							"to": [ 1.5, 0.0, 4.0 ], 
							"rotationOrigin": [ 0.5, -1.0, 1.0 ],
							"faces": {
								"north": { "texture": "#granite1", "uv": [ 0.0, 0.0, 1.0, 1.0 ] },
								"east": { "texture": "#granite1", "uv": [ 0.0, 0.0, 3.0, 1.0 ] },
								"south": { "texture": "#granite1", "uv": [ 0.0, 0.0, 1.0, 1.0 ] },
								"west": { "texture": "#granite1", "uv": [ 0.0, 0.0, 3.0, 1.0 ] },
								"up": { "texture": "#granite1", "uv": [ 0.0, 0.0, 1.0, 3.0 ] },
								"down": { "texture": "#granite1", "uv": [ 0.0, 0.0, 1.0, 3.0 ] }
							}
						},
						{
							"name": "Cube19",
							"from": [ 0.5, 4.0, -1.0 ], 
							"to": [ 1.5, 5.0, 2.0 ], 
							"rotationOrigin": [ 0.5, 4.0, -1.0 ],
							"rotationX": 90.0,
							"faces": {
								"north": { "texture": "#granite1", "uv": [ 0.0, 0.0, 1.0, 1.0 ] },
								"east": { "texture": "#granite1", "uv": [ 0.0, 0.0, 3.0, 1.0 ] },
								"south": { "texture": "#granite1", "uv": [ 0.0, 0.0, 1.0, 1.0 ] },
								"west": { "texture": "#granite1", "uv": [ 0.0, 0.0, 3.0, 1.0 ] },
								"up": { "texture": "#granite1", "uv": [ 0.0, 0.0, 1.0, 3.0 ] },
								"down": { "texture": "#granite1", "uv": [ 0.0, 0.0, 1.0, 3.0 ] }
							}
						},
						{
							"name": "Cube20",
							"from": [ 0.5, 4.0, 5.0 ], 
							"to": [ 1.5, 5.0, 8.0 ], 
							"rotationOrigin": [ 0.5, 4.0, 5.0 ],
							"rotationX": 90.0,
							"faces": {
								"north": { "texture": "#granite1", "uv": [ 0.0, 0.0, 1.0, 1.0 ] },
								"east": { "texture": "#granite1", "uv": [ 0.0, 0.0, 3.0, 1.0 ] },
								"south": { "texture": "#granite1", "uv": [ 0.0, 0.0, 1.0, 1.0 ] },
								"west": { "texture": "#granite1", "uv": [ 0.0, 0.0, 3.0, 1.0 ] },
								"up": { "texture": "#granite1", "uv": [ 0.0, 0.0, 1.0, 3.0 ] },
								"down": { "texture": "#granite1", "uv": [ 0.0, 0.0, 1.0, 3.0 ] }
							}
						}
					]
				}
			]
		}
	],
	"animations": [
		{
			"name": "rotate",
			"code": "rotate",
			"quantityframes": 30,
			"onActivityStopped": "EaseOut",
			"onAnimationEnd": "Repeat",
			"keyframes": [
				{
					"frame": 0,
					"elements": {
						"Axle": { "rotationX": -180.0, "rotationY": 0.0, "rotationZ": 0.0 }
					}
				},
				{
					"frame": 29,
					"elements": {
						"Axle": { "rotationX": 173.0, "rotationY": 0.0, "rotationZ": 0.0 }
					}
				}
			]
		}
	]
}