[
  {
    "file": "morevariants:blocktypes/wood/chest.json",
    "op": "add",
    "path": "/behaviors/-",
    "value": {
      "name": "Carryable",
      "properties": {
        "translation": [0.0625, 0, 0],
        "rotation": [0, 180, 0],
        "slots": { "Hands": {}, "Back": {} }
      }
    }
  },
  {
    "file": "morevariants:blocktypes/wood/chest-labeled.json",
    "op": "add",
    "path": "/behaviors/-",
    "value": {
      "name": "Carryable",
      "properties": {
        "translation": [0.0625, 0, 0],
        "rotation": [0, 180, 0],
        "slots": { "Hands": {}, "Back": {} }
      }
    }
  },
  {
    "file": "morevariants:blocktypes/wood/barrel.json",
    "op": "add",
    "path": "/behaviors/-",
    "value": {
      "name": "Carryable",
      "properties": {
        "translation": [-0.125, 0, 0],
        "slots": { "Hands": {}, "Back": {} }
      }
    }
  }
]
