[
  {
    "file": "game:blocktypes/plant/bigberrybush",
    "op": "add",
    "path": "/behaviorsByType/*-ripe/-",
    "value": {
      "name": "XSkillsBerryBush",
      "properties": {
        "xp": 0.33
      }
    }
  },
  {
    "file": "game:blocktypes/plant/smallberrybush",
    "op": "add",
    "path": "/behaviorsByType/*-ripe/-",
    "value": {
      "name": "XSkillsBerryBush",
      "properties": {
        "xp": 0.33
      }
    }
  },
  {
    "file": "game:blocktypes/plant/crop/cabbage",
    "op": "add",
    "path": "/behaviors/-",
    "value": {
      "name": "XSkillsCrop",
      "properties": {
        "xpByType": {
          "*-11": 0.5,
          "*-12": 1.0,
          "*": 0.0
        }
      }
    }
  },
  {
    "file": "game:blocktypes/plant/crop/carrot",
    "op": "add",
    "path": "/behaviors/-",
    "value": {
      "name": "XSkillsCrop",
      "properties": {
        "xpByType": {
          "*-6": 0.31,
          "*-7": 0.62,
          "*": 0.0
        }
      }
    }
  },
  {
    "file": "game:blocktypes/plant/crop/flax",
    "op": "add",
    "path": "/behaviors/-",
    "value": {
      "name": "XSkillsCrop",
      "properties": {
        "xpByType": {
          "*-9": 0.65,
          "*": 0.0
        }
      }
    }
  },
  {
    "file": "game:blocktypes/plant/crop/onion",
    "op": "add",
    "path": "/behaviors/-",
    "value": {
      "name": "XSkillsCrop",
      "properties": {
        "xpByType": {
          "*-6": 0.275,
          "*-7": 0.55,
          "*": 0.0
        }
      }
    }
  },
  {
    "file": "game:blocktypes/plant/crop/parsnip",
    "op": "add",
    "path": "/behaviors/-",
    "value": {
      "name": "XSkillsCrop",
      "properties": {
        "xpByType": {
          "*-7": 0.46,
          "*-8": 0.92,
          "*": 0.0
        }
      }
    }
  },
  {
    "file": "game:blocktypes/plant/crop/rice",
    "op": "add",
    "path": "/behaviors/-",
    "value": {
      "name": "XSkillsCrop",
      "properties": {
        "xpByType": {
          "*-10": 0.65,
          "*": 0.0
        }
      }
    }
  },
  {
    "file": "game:blocktypes/plant/crop/rye",
    "op": "add",
    "path": "/behaviors/-",
    "value": {
      "name": "XSkillsCrop",
      "properties": {
        "xpByType": {
          "*-9": 0.77,
          "*": 0.0
        }
      }
    }
  },
  {
    "file": "game:blocktypes/plant/crop/soybean",
    "op": "add",
    "path": "/behaviors/-",
    "value": {
      "name": "XSkillsCrop",
      "properties": {
        "xpByType": {
          "*-10": 0.46,
          "*-11": 0.92,
          "*": 0.0
        }
      }
    }
  },
  {
    "file": "game:blocktypes/plant/crop/spelt",
    "op": "add",
    "path": "/behaviors/-",
    "value": {
      "name": "XSkillsCrop",
      "properties": {
        "xpByType": {
          "*-9": 0.62,
          "*": 0.0
        }
      }
    }
  },
  {
    "file": "game:blocktypes/plant/crop/turnip",
    "op": "add",
    "path": "/behaviors/-",
    "value": {
      "name": "XSkillsCrop",
      "properties": {
        "xpByType": {
          "*-4": 0.23,
          "*-5": 0.46,
          "*": 0.0
        }
      }
    }
  },
  {
    "file": "game:blocktypes/plant/pumpkin/vine",
    "op": "add",
    "path": "/behaviors",
    "value": [
      {
        "name": "XSkillsCrop",
        "properties": {
          "xp": 0.1
        }
      }
    ]
  },
  {
    "file": "game:blocktypes/soil/farmland",
    "op": "add",
    "path": "/behaviors",
    "value": [ { "name": "XSkillsFarmland" } ]
  },
  {
    "file": "game:blocktypes/plant/mushroom",
    "op": "add",
    "path": "/behaviors",
    "value": [
      {
        "name": "XSkillsMushroom",
        "properties": {
          "xp": 0.1
        }
      }
    ]
  },
  {
    "file": "game:blocktypes/wax/skep",
    "op": "add",
    "path": "/behaviors/-",
    "value": {
      "name": "XSkillsSkep",
      "properties": {
        "xp": 2.0,
        "harvestTime": 2.0
      }
    }
  }
]