{
	"code": "thatch",
	"shape": { "base": "game:block/basic/cube" },
	"drawtype": "cube",
	"variantgroups": [
		{
			"code": "type",
			"states": [ "straw" ]
		}
	],
	"creativeinventory": {
		"general": [ "*" ],
		"construction": [ "*" ],
		"flora": [ "*" ],
		"decorative": [ "*" ]
	},
	"blockmaterial": "Plant",
	"replaceable": 900,
	"lightAbsorption": 99,
	"textures": {
		"horizontals": { "base": "block/thatch/{type}-side" },
		"verticals": { "base": "block/thatch/{type}-top" }
	},
	"resistance": 0.25,
	"sideopaque": {
		"all": true
	},
	"sounds": {
		"place": "game:block/plant",
		"break": "game:block/plant",
		"hit": "game:block/plant"
	},
	"materialDensity": 200,
	"combustibleProps": {
		"burnTemperature": 600,
		"burnDuration": 5
	}
}