{
	"code": "lyeportion",
	"class": "ItemLiquidPortion",
	"matterState": "liquid",
	"attributes": {
		"waterTightContainerProps": {
			"containable": true,
			"itemsPerLitre": 1,
			"texture": { "base": "lazytweaks:block/liquid/lye" },
			"allowSpill": true,
			"whenSpilled": {
				"action": "DropContents",
				"stack": {
					"type": "item",
					"code": "lazytweaks:lyeportion"
				}
			}
		}
	},
	"texture": { "base": "item/liquid/lyeportion" },
	"creativeinventory": {
		"general": [ "*" ],
		"items": [ "*" ]
	},
	"maxstacksize": 16,
	"materialDensity": 200,
	"combustibleProps": {
		"meltingPoint": 300,
		"meltingDuration": 30,
		"smeltedRatio": 2,
		"smeltingType": "cook",
		"smeltedStack": {
			"type": "item",
			"code": "causticpotash"
		},
		"requiresContainer": false
	}

}
