{
  "editor": {
    "allAngles": false,
    "singleTexture": false
  },
  "textureWidth": 16,
  "textureHeight": 16,
  "textures": {
    "sides2": "block/wood/trunk/outdated/sides",
    "lid": "block/wood/trunk/outdated/lid",
    "accessories": "block/wood/trunk/outdated/accessories"
  },
  "elements": [
    {
      "name": "origin",
      "from": [0.0, 0.0, 0.0],
      "to": [0.0, 0.0, 0.0],
      "rotationOrigin": [8.0, 0.0, 8.0],
      "faces": {
        "north": {
          "texture": "#sides2",
          "uv": [0.0, 0.0, 0.5, 0.5],
          "enabled": false
        },
        "east": {
          "texture": "#sides2",
          "uv": [0.0, 0.0, 0.5, 0.5],
          "enabled": false
        },
        "south": {
          "texture": "#sides2",
          "uv": [0.0, 0.0, 0.5, 0.5],
          "enabled": false
        },
        "west": {
          "texture": "#sides2",
          "uv": [0.0, 0.0, 0.5, 0.5],
          "enabled": false
        },
        "up": {
          "texture": "#sides2",
          "uv": [0.0, 0.0, 0.5, 0.5],
          "enabled": false
        },
        "down": {
          "texture": "#sides2",
          "uv": [0.0, 0.0, 0.5, 0.5],
          "enabled": false
        }
      },
      "children": [
        {
          "name": "floor",
          "from": [2.0, 1.0, 2.0],
          "to": [14.0, 2.0, 13.0],
          "rotationOrigin": [1.0, 1.0, 1.0],
          "faces": {
            "north": {
              "texture": "#lid",
              "uv": [0.0, 0.0, 12.0, 1.0],
              "rotation": 180,
              "enabled": false
            },
            "east": {
              "texture": "#lid",
              "uv": [1.0, 0.0, 12.0, 1.0],
              "rotation": 180,
              "enabled": false
            },
            "south": {
              "texture": "#lid",
              "uv": [1.0, 14.0, 13.0, 15.0],
              "rotation": 180,
              "enabled": false
            },
            "west": {
              "texture": "#lid",
              "uv": [1.0, 0.0, 12.0, 1.0],
              "rotation": 180,
              "enabled": false
            },
            "up": { "texture": "#lid", "uv": [1.0, 3.5, 13.0, 14.5] },
            "down": { "texture": "#lid", "uv": [1.0, 2.0, 13.0, 13.0] }
          },
          "children": [
            {
              "name": "S",
              "from": [-1.0, 0.0, 11.0],
              "to": [13.0, 10.0, 12.0],
              "rotationOrigin": [-2.0, -1.0, -1.0],
              "faces": {
                "north": { "texture": "#lid", "uv": [0.5, 4.0, 14.5, 14.0] },
                "east": { "texture": "#sides2", "uv": [0.0, 2.0, 1.0, 12.0] },
                "south": { "texture": "#sides2", "uv": [0.0, 2.0, 14.0, 12.0] },
                "west": { "texture": "#sides2", "uv": [13.0, 2.0, 14.0, 12.0] },
                "up": { "texture": "#lid", "uv": [2.0, 9.0, 16.0, 10.0] },
                "down": { "texture": "#sides2", "uv": [2.0, 3.0, 16.0, 4.0] }
              }
            },
            {
              "name": "W",
              "from": [-1.0, 0.0, 0.0],
              "to": [0.0, 10.0, 11.0],
              "rotationOrigin": [-2.0, -1.0, -2.0],
              "faces": {
                "north": {
                  "texture": "#sides2",
                  "uv": [13.0, 2.0, 14.0, 12.0],
                  "enabled": false
                },
                "east": { "texture": "#lid", "uv": [1.5, 2.0, 12.5, 12.0] },
                "south": {
                  "texture": "#sides2",
                  "uv": [0.0, 2.0, 1.0, 12.0],
                  "enabled": false
                },
                "west": { "texture": "#sides2", "uv": [1.5, 2.0, 12.5, 12.0] },
                "up": {
                  "texture": "#lid",
                  "uv": [4.5, 9.0, 15.5, 10.0],
                  "rotation": 90
                },
                "down": { "texture": "#sides2", "uv": [1.0, 2.0, 2.0, 13.0] }
              },
              "children": [
                {
                  "name": "L holder",
                  "from": [-0.5, 7.0, 3.0],
                  "to": [0.0, 8.5, 4.5],
                  "rotationOrigin": [4.0, 9.0, -10.0],
                  "faces": {
                    "north": {
                      "texture": "#accessories",
                      "uv": [0.0, 1.0, 0.5, 2.5]
                    },
                    "east": {
                      "texture": "#accessories",
                      "uv": [0.5, 1.0, 2.0, 2.5],
                      "enabled": false
                    },
                    "south": {
                      "texture": "#accessories",
                      "uv": [4.0, 1.0, 4.5, 2.5]
                    },
                    "west": {
                      "texture": "#accessories",
                      "uv": [1.0, 0.5, 2.5, 2.0]
                    },
                    "up": {
                      "texture": "#accessories",
                      "uv": [4.0, 1.0, 4.5, 2.5]
                    },
                    "down": {
                      "texture": "#accessories",
                      "uv": [0.0, 1.5, 0.5, 3.0]
                    }
                  }
                },
                {
                  "name": "R holder",
                  "from": [-0.5, 7.0, 6.5],
                  "to": [0.0, 8.5, 8.0],
                  "rotationOrigin": [4.0, 9.0, -6.5],
                  "faces": {
                    "north": {
                      "texture": "#accessories",
                      "uv": [0.0, 1.0, 0.5, 2.5]
                    },
                    "east": {
                      "texture": "#accessories",
                      "uv": [1.5, 1.5, 3.0, 3.0],
                      "enabled": false
                    },
                    "south": {
                      "texture": "#accessories",
                      "uv": [4.0, 0.5, 4.5, 2.0]
                    },
                    "west": {
                      "texture": "#accessories",
                      "uv": [0.5, 1.0, 2.0, 2.5]
                    },
                    "up": {
                      "texture": "#accessories",
                      "uv": [0.0, 1.0, 0.5, 2.5]
                    },
                    "down": {
                      "texture": "#accessories",
                      "uv": [0.0, 0.0, 0.5, 1.5]
                    }
                  }
                },
                {
                  "name": "handle 1",
                  "from": [-1.0, 7.5, 3.5],
                  "to": [-0.5, 8.0, 7.5],
                  "rotationOrigin": [3.5, 9.5, -9.5],
                  "faces": {
                    "north": {
                      "texture": "#accessories",
                      "uv": [2.5, 3.0, 3.0, 3.5]
                    },
                    "east": {
                      "texture": "#accessories",
                      "uv": [0.0, 3.0, 4.0, 3.5]
                    },
                    "south": {
                      "texture": "#accessories",
                      "uv": [4.0, 2.5, 4.5, 3.0]
                    },
                    "west": {
                      "texture": "#accessories",
                      "uv": [0.0, 3.0, 4.0, 3.5]
                    },
                    "up": {
                      "texture": "#accessories",
                      "uv": [0.0, 1.0, 4.0, 1.5],
                      "rotation": 90
                    },
                    "down": {
                      "texture": "#accessories",
                      "uv": [0.0, 2.5, 4.0, 3.0],
                      "rotation": 90
                    }
                  }
                }
              ]
            },
            {
              "name": "E",
              "from": [12.0, 0.0, 0.0],
              "to": [13.0, 10.0, 11.0],
              "rotationOrigin": [0.0, -1.0, -2.0],
              "faces": {
                "north": {
                  "texture": "#sides2",
                  "uv": [14.0, 2.0, 15.0, 12.0],
                  "enabled": false
                },
                "east": { "texture": "#sides2", "uv": [1.5, 2.0, 12.5, 12.0] },
                "south": {
                  "texture": "#sides2",
                  "uv": [0.0, 2.0, 1.0, 12.0],
                  "enabled": false
                },
                "west": { "texture": "#lid", "uv": [1.5, 2.0, 12.5, 12.0] },
                "up": {
                  "texture": "#lid",
                  "uv": [1.0, 1.5, 12.0, 2.5],
                  "rotation": 90
                },
                "down": { "texture": "#sides2", "uv": [1.0, 2.0, 2.0, 13.0] }
              },
              "children": [
                {
                  "name": "L holder1",
                  "from": [1.0, 7.0, 3.0],
                  "to": [1.5, 8.5, 4.5],
                  "rotationOrigin": [1.0, 8.5, 3.0],
                  "faces": {
                    "north": {
                      "texture": "#accessories",
                      "uv": [0.0, 1.0, 0.5, 2.5]
                    },
                    "east": {
                      "texture": "#accessories",
                      "uv": [0.5, 1.0, 2.0, 2.5]
                    },
                    "south": {
                      "texture": "#accessories",
                      "uv": [4.0, 1.0, 4.5, 2.5]
                    },
                    "west": {
                      "texture": "#accessories",
                      "uv": [1.0, 0.5, 2.5, 2.0],
                      "enabled": false
                    },
                    "up": {
                      "texture": "#accessories",
                      "uv": [4.0, 1.0, 4.5, 2.5]
                    },
                    "down": {
                      "texture": "#accessories",
                      "uv": [0.0, 1.5, 0.5, 3.0]
                    }
                  }
                },
                {
                  "name": "R holder2",
                  "from": [1.0, 7.0, 6.5],
                  "to": [1.5, 8.5, 8.0],
                  "rotationOrigin": [1.0, 8.5, 8.0],
                  "faces": {
                    "north": {
                      "texture": "#accessories",
                      "uv": [0.0, 1.0, 0.5, 2.5]
                    },
                    "east": {
                      "texture": "#accessories",
                      "uv": [1.5, 1.5, 3.0, 3.0]
                    },
                    "south": {
                      "texture": "#accessories",
                      "uv": [4.0, 0.5, 4.5, 2.0]
                    },
                    "west": {
                      "texture": "#accessories",
                      "uv": [0.5, 1.0, 2.0, 2.5],
                      "enabled": false
                    },
                    "up": {
                      "texture": "#accessories",
                      "uv": [0.0, 1.0, 0.5, 2.5]
                    },
                    "down": {
                      "texture": "#accessories",
                      "uv": [0.0, 0.0, 0.5, 1.5]
                    }
                  }
                },
                {
                  "name": "handle 2",
                  "from": [1.5, 7.5, 3.5],
                  "to": [2.0, 8.0, 7.5],
                  "rotationOrigin": [2.0, 7.5, 3.5],
                  "faces": {
                    "north": {
                      "texture": "#accessories",
                      "uv": [2.5, 3.0, 3.0, 3.5]
                    },
                    "east": {
                      "texture": "#accessories",
                      "uv": [0.0, 3.0, 4.0, 3.5]
                    },
                    "south": {
                      "texture": "#accessories",
                      "uv": [4.0, 2.5, 4.5, 3.0]
                    },
                    "west": {
                      "texture": "#accessories",
                      "uv": [0.0, 3.0, 4.0, 3.5]
                    },
                    "up": {
                      "texture": "#accessories",
                      "uv": [0.0, 1.0, 4.0, 1.5],
                      "rotation": 90
                    },
                    "down": {
                      "texture": "#accessories",
                      "uv": [0.0, 2.5, 4.0, 3.0],
                      "rotation": 90
                    }
                  }
                }
              ]
            },
            {
              "name": "N",
              "from": [-1.0, 0.0, -1.0],
              "to": [13.0, 10.0, 0.0],
              "rotationOrigin": [-2.0, -1.0, -2.0],
              "faces": {
                "north": { "texture": "#sides2", "uv": [0.0, 2.0, 14.0, 12.0] },
                "east": { "texture": "#sides2", "uv": [13.0, 2.0, 14.0, 12.0] },
                "south": { "texture": "#lid", "uv": [1.0, 2.0, 15.0, 12.0] },
                "west": { "texture": "#sides2", "uv": [0.0, 2.0, 1.0, 12.0] },
                "up": {
                  "texture": "#lid",
                  "uv": [2.0, 4.0, 16.0, 5.0],
                  "rotation": 180
                },
                "down": { "texture": "#sides2", "uv": [1.0, 4.0, 15.0, 5.0] }
              },
              "children": [
                {
                  "name": "hinge 1",
                  "from": [2.5, 9.0, 0.8],
                  "to": [3.5, 11.0, 1.3],
                  "rotationOrigin": [3.0, 9.0, 1.1],
                  "faces": {
                    "north": {
                      "texture": "#accessories",
                      "uv": [0.0, 0.0, 1.0, 2.0]
                    },
                    "east": {
                      "texture": "#accessories",
                      "uv": [0.0, 0.0, 0.5, 2.0]
                    },
                    "south": {
                      "texture": "#accessories",
                      "uv": [0.0, 0.0, 1.0, 2.0]
                    },
                    "west": {
                      "texture": "#accessories",
                      "uv": [0.0, 0.0, 0.5, 2.0]
                    },
                    "up": {
                      "texture": "#accessories",
                      "uv": [0.0, 0.0, 1.0, 0.5]
                    },
                    "down": {
                      "texture": "#accessories",
                      "uv": [0.0, 0.0, 1.0, 0.5]
                    }
                  }
                },
                {
                  "name": "hinge 2",
                  "from": [10.5, 9.0, 0.8],
                  "to": [11.5, 11.0, 1.3],
                  "rotationOrigin": [11.0, 9.0, 1.1],
                  "faces": {
                    "north": {
                      "texture": "#accessories",
                      "uv": [0.0, 0.0, 1.0, 2.0]
                    },
                    "east": {
                      "texture": "#accessories",
                      "uv": [0.0, 0.0, 0.5, 2.0]
                    },
                    "south": {
                      "texture": "#accessories",
                      "uv": [0.0, 0.0, 1.0, 2.0]
                    },
                    "west": {
                      "texture": "#accessories",
                      "uv": [0.0, 0.0, 0.5, 2.0]
                    },
                    "up": {
                      "texture": "#accessories",
                      "uv": [0.0, 0.0, 1.0, 0.5]
                    },
                    "down": {
                      "texture": "#accessories",
                      "uv": [0.0, 0.0, 1.0, 0.5]
                    }
                  }
                }
              ]
            },
            {
              "name": "feet 1",
              "from": [-1.0, -1.0, -1.0],
              "to": [1.0, 0.0, 1.0],
              "rotationOrigin": [-1.0, -1.0, -1.0],
              "faces": {
                "north": { "texture": "#sides2", "uv": [0.0, 12.0, 2.0, 13.0] },
                "east": { "texture": "#sides2", "uv": [2.0, 12.0, 4.0, 13.0] },
                "south": { "texture": "#sides2", "uv": [2.5, 12.0, 4.5, 13.0] },
                "west": { "texture": "#sides2", "uv": [3.5, 12.0, 5.5, 13.0] },
                "up": {
                  "texture": "#sides2",
                  "uv": [0.0, 14.0, 2.0, 16.0],
                  "enabled": false
                },
                "down": { "texture": "#sides2", "uv": [0.0, 14.0, 2.0, 16.0] }
              },
              "children": [
                {
                  "name": "Cube14",
                  "from": [2.0, 0.5, 0.0],
                  "to": [3.5, 1.0, 1.0],
                  "rotationOrigin": [2.0, 0.5, 0.0],
                  "faces": {
                    "north": {
                      "texture": "#sides2",
                      "uv": [1.0, 12.0, 2.5, 12.5]
                    },
                    "east": {
                      "texture": "#sides2",
                      "uv": [2.5, 12.0, 3.5, 12.5]
                    },
                    "south": {
                      "texture": "#sides2",
                      "uv": [6.5, 12.0, 8.0, 12.5]
                    },
                    "west": {
                      "texture": "#sides2",
                      "uv": [0.0, 0.0, 1.0, 0.5],
                      "enabled": false
                    },
                    "up": {
                      "texture": "#sides2",
                      "uv": [0.0, 0.0, 1.5, 1.0],
                      "enabled": false
                    },
                    "down": {
                      "texture": "#sides2",
                      "uv": [6.0, 12.0, 7.5, 13.0]
                    }
                  }
                },
                {
                  "name": "Cube15",
                  "from": [0.0, 0.5, 2.0],
                  "to": [1.0, 1.0, 3.5],
                  "rotationOrigin": [0.0, 0.5, 2.0],
                  "faces": {
                    "north": {
                      "texture": "#sides2",
                      "uv": [0.0, 0.0, 1.0, 0.5],
                      "enabled": false
                    },
                    "east": {
                      "texture": "#sides2",
                      "uv": [0.0, 12.0, 1.5, 12.5]
                    },
                    "south": {
                      "texture": "#sides2",
                      "uv": [1.5, 12.0, 2.5, 12.5]
                    },
                    "west": {
                      "texture": "#sides2",
                      "uv": [2.5, 12.0, 4.0, 12.5]
                    },
                    "up": {
                      "texture": "#sides2",
                      "uv": [0.0, 14.5, 1.0, 16.0],
                      "enabled": false
                    },
                    "down": {
                      "texture": "#sides2",
                      "uv": [0.0, 14.5, 1.0, 16.0]
                    }
                  }
                }
              ]
            },
            {
              "name": "feet 16",
              "from": [11.0, -1.0, -1.0],
              "to": [13.0, 0.0, 1.0],
              "rotationOrigin": [11.0, -1.0, -1.0],
              "faces": {
                "north": { "texture": "#sides2", "uv": [1.5, 12.0, 3.5, 13.0] },
                "east": { "texture": "#sides2", "uv": [6.0, 12.0, 8.0, 13.0] },
                "south": {
                  "texture": "#sides2",
                  "uv": [9.5, 12.0, 11.5, 13.0]
                },
                "west": {
                  "texture": "#sides2",
                  "uv": [10.0, 12.0, 12.0, 13.0]
                },
                "up": {
                  "texture": "#sides2",
                  "uv": [0.0, 0.0, 2.0, 2.0],
                  "enabled": false
                },
                "down": { "texture": "#sides2", "uv": [0.0, 14.0, 2.0, 16.0] }
              },
              "children": [
                {
                  "name": "Cube17",
                  "from": [-1.5, 0.5, 0.0],
                  "to": [0.0, 1.0, 1.0],
                  "rotationOrigin": [-1.5, 0.5, 0.0],
                  "faces": {
                    "north": {
                      "texture": "#sides2",
                      "uv": [2.5, 12.5, 4.0, 13.0]
                    },
                    "east": {
                      "texture": "#sides2",
                      "uv": [0.0, 0.0, 1.0, 0.5],
                      "enabled": false
                    },
                    "south": {
                      "texture": "#sides2",
                      "uv": [8.5, 13.0, 10.0, 13.5]
                    },
                    "west": {
                      "texture": "#sides2",
                      "uv": [10.0, 12.0, 11.0, 12.5]
                    },
                    "up": {
                      "texture": "#sides2",
                      "uv": [0.0, 0.0, 1.5, 1.0],
                      "enabled": false
                    },
                    "down": {
                      "texture": "#sides2",
                      "uv": [4.5, 12.0, 6.0, 13.0]
                    }
                  }
                },
                {
                  "name": "Cube18",
                  "from": [1.0, 0.5, 2.0],
                  "to": [2.0, 1.0, 3.5],
                  "rotationOrigin": [1.0, 0.5, 2.0],
                  "faces": {
                    "north": {
                      "texture": "#sides2",
                      "uv": [0.0, 0.0, 1.0, 0.5],
                      "enabled": false
                    },
                    "east": {
                      "texture": "#sides2",
                      "uv": [4.5, 12.0, 6.0, 12.5]
                    },
                    "south": {
                      "texture": "#sides2",
                      "uv": [14.5, 12.0, 15.5, 12.5]
                    },
                    "west": {
                      "texture": "#sides2",
                      "uv": [3.0, 12.0, 4.5, 12.5]
                    },
                    "up": {
                      "texture": "#sides2",
                      "uv": [0.5, 14.5, 2.0, 15.5],
                      "rotation": 90,
                      "enabled": false
                    },
                    "down": {
                      "texture": "#sides2",
                      "uv": [1.5, 15.0, 3.0, 16.0],
                      "rotation": 90
                    }
                  }
                }
              ]
            },
            {
              "name": "feet 19",
              "from": [11.0, -1.0, 10.0],
              "to": [13.0, 0.0, 12.0],
              "rotationOrigin": [11.0, -1.0, 10.0],
              "faces": {
                "north": {
                  "texture": "#sides2",
                  "uv": [8.5, 12.0, 10.5, 13.0]
                },
                "east": { "texture": "#sides2", "uv": [6.0, 12.0, 8.0, 13.0] },
                "south": { "texture": "#sides2", "uv": [4.5, 12.0, 6.5, 13.0] },
                "west": { "texture": "#sides2", "uv": [6.0, 12.0, 8.0, 13.0] },
                "up": {
                  "texture": "#sides2",
                  "uv": [0.0, 0.0, 2.0, 2.0],
                  "enabled": false
                },
                "down": { "texture": "#sides2", "uv": [0.0, 14.0, 2.0, 16.0] }
              },
              "children": [
                {
                  "name": "Cube20",
                  "from": [-1.5, 0.5, 1.0],
                  "to": [0.0, 1.0, 2.0],
                  "rotationOrigin": [-1.5, 0.5, 1.0],
                  "faces": {
                    "north": {
                      "texture": "#sides2",
                      "uv": [5.5, 12.0, 7.0, 12.5]
                    },
                    "east": {
                      "texture": "#sides2",
                      "uv": [0.0, 0.0, 1.0, 0.5],
                      "enabled": false
                    },
                    "south": {
                      "texture": "#sides2",
                      "uv": [5.0, 12.0, 6.5, 12.5]
                    },
                    "west": {
                      "texture": "#sides2",
                      "uv": [2.5, 12.0, 3.5, 12.5]
                    },
                    "up": {
                      "texture": "#sides2",
                      "uv": [0.0, 0.0, 1.5, 1.0],
                      "enabled": false
                    },
                    "down": {
                      "texture": "#sides2",
                      "uv": [0.0, 12.0, 1.5, 13.0]
                    }
                  }
                },
                {
                  "name": "Cube21",
                  "from": [1.0, 0.5, -1.5],
                  "to": [2.0, 1.0, 0.0],
                  "rotationOrigin": [1.0, 0.5, -1.5],
                  "faces": {
                    "north": {
                      "texture": "#sides2",
                      "uv": [10.0, 12.0, 11.0, 12.5]
                    },
                    "east": {
                      "texture": "#sides2",
                      "uv": [6.0, 12.0, 7.5, 12.5]
                    },
                    "south": {
                      "texture": "#sides2",
                      "uv": [0.0, 0.0, 1.0, 0.5],
                      "enabled": false
                    },
                    "west": {
                      "texture": "#sides2",
                      "uv": [1.0, 12.0, 2.5, 12.5]
                    },
                    "up": {
                      "texture": "#sides2",
                      "uv": [0.0, 0.0, 1.0, 1.5],
                      "enabled": false
                    },
                    "down": {
                      "texture": "#sides2",
                      "uv": [2.0, 12.0, 3.5, 13.0],
                      "rotation": 90
                    }
                  }
                }
              ]
            },
            {
              "name": "feet 22",
              "from": [-1.0, -1.0, 10.0],
              "to": [1.0, 0.0, 12.0],
              "rotationOrigin": [-1.0, -1.0, 10.0],
              "faces": {
                "north": { "texture": "#sides2", "uv": [5.5, 12.0, 7.5, 13.0] },
                "east": { "texture": "#sides2", "uv": [6.5, 12.0, 8.5, 13.0] },
                "south": { "texture": "#sides2", "uv": [4.0, 12.0, 6.0, 13.0] },
                "west": { "texture": "#sides2", "uv": [1.5, 12.0, 3.5, 13.0] },
                "up": {
                  "texture": "#sides2",
                  "uv": [0.0, 0.0, 2.0, 2.0],
                  "enabled": false
                },
                "down": { "texture": "#sides2", "uv": [0.0, 14.0, 2.0, 16.0] }
              },
              "children": [
                {
                  "name": "Cube23",
                  "from": [2.0, 0.5, 1.0],
                  "to": [3.5, 1.0, 2.0],
                  "rotationOrigin": [2.0, 0.5, 1.0],
                  "faces": {
                    "north": {
                      "texture": "#sides2",
                      "uv": [6.0, 12.0, 7.5, 12.5]
                    },
                    "east": {
                      "texture": "#sides2",
                      "uv": [0.5, 12.0, 1.5, 12.5]
                    },
                    "south": {
                      "texture": "#sides2",
                      "uv": [9.0, 12.0, 10.5, 12.5]
                    },
                    "west": {
                      "texture": "#sides2",
                      "uv": [0.0, 0.0, 1.0, 0.5],
                      "enabled": false
                    },
                    "up": {
                      "texture": "#sides2",
                      "uv": [0.0, 0.0, 1.5, 1.0],
                      "enabled": false
                    },
                    "down": {
                      "texture": "#sides2",
                      "uv": [0.5, 12.0, 2.0, 13.0]
                    }
                  }
                },
                {
                  "name": "Cube24",
                  "from": [0.0, 0.5, -1.5],
                  "to": [1.0, 1.0, 0.0],
                  "rotationOrigin": [0.0, 0.5, -1.5],
                  "faces": {
                    "north": {
                      "texture": "#sides2",
                      "uv": [4.5, 12.0, 5.5, 12.5]
                    },
                    "east": {
                      "texture": "#sides2",
                      "uv": [4.5, 11.5, 6.0, 12.0]
                    },
                    "south": {
                      "texture": "#sides2",
                      "uv": [0.0, 0.0, 1.0, 0.5],
                      "enabled": false
                    },
                    "west": {
                      "texture": "#sides2",
                      "uv": [3.5, 12.0, 5.0, 12.5]
                    },
                    "up": {
                      "texture": "#sides2",
                      "uv": [0.0, 0.0, 1.0, 1.5],
                      "enabled": false
                    },
                    "down": {
                      "texture": "#sides2",
                      "uv": [2.0, 14.5, 3.5, 15.5],
                      "rotation": 90
                    }
                  }
                }
              ]
            }
          ]
        },
        {
          "name": "lid",
          "from": [2.0, 12.0, 2.0],
          "to": [14.0, 13.0, 13.0],
          "rotationOrigin": [8.0, 11.0, 1.0],
          "faces": {
            "north": {
              "texture": "#lid",
              "uv": [0.0, 0.0, 12.0, 1.0],
              "enabled": false
            },
            "east": {
              "texture": "#lid",
              "uv": [0.5, 0.0, 11.5, 1.0],
              "enabled": false
            },
            "south": {
              "texture": "#lid",
              "uv": [0.0, 0.0, 12.0, 1.0],
              "enabled": false
            },
            "west": {
              "texture": "#lid",
              "uv": [0.5, 0.0, 11.5, 1.0],
              "enabled": false
            },
            "up": { "texture": "#lid", "uv": [0.0, 0.0, 12.0, 11.0] },
            "down": {
              "texture": "#lid",
              "uv": [0.0, 0.0, 12.0, 11.0],
              "rotation": 180
            }
          },
          "children": [
            {
              "name": "West",
              "from": [-1.0, -1.0, 0.0],
              "to": [0.0, 1.0, 11.0],
              "rotationOrigin": [-1.0, -1.0, 0.0],
              "faces": {
                "north": {
                  "texture": "#sides2",
                  "uv": [0.0, 0.0, 1.0, 2.0],
                  "enabled": false
                },
                "east": { "texture": "#sides2", "uv": [1.0, 11.0, 12.0, 13.0] },
                "south": {
                  "texture": "#sides2",
                  "uv": [0.0, 0.0, 1.0, 2.0],
                  "enabled": false
                },
                "west": { "texture": "#sides2", "uv": [1.5, 0.0, 12.5, 2.0] },
                "up": { "texture": "#sides2", "uv": [0.0, 0.0, 1.0, 11.0] },
                "down": {
                  "texture": "#sides2",
                  "uv": [3.5, 12.5, 14.5, 13.5],
                  "rotation": 90
                }
              }
            },
            {
              "name": "East",
              "from": [12.0, -1.0, 0.0],
              "to": [13.0, 1.0, 11.0],
              "rotationOrigin": [12.0, -1.0, 0.0],
              "faces": {
                "north": {
                  "texture": "#sides2",
                  "uv": [0.0, 0.0, 1.0, 2.0],
                  "enabled": false
                },
                "east": { "texture": "#sides2", "uv": [1.5, 0.0, 12.5, 2.0] },
                "south": {
                  "texture": "#sides2",
                  "uv": [0.0, 0.0, 1.0, 2.0],
                  "enabled": false
                },
                "west": { "texture": "#sides2", "uv": [3.0, 11.0, 14.0, 13.0] },
                "up": { "texture": "#sides2", "uv": [13.0, 0.0, 14.0, 11.0] },
                "down": {
                  "texture": "#sides2",
                  "uv": [2.5, 13.5, 13.5, 14.5],
                  "rotation": 90
                }
              }
            },
            {
              "name": "North",
              "from": [-1.0, -1.0, -1.0],
              "to": [13.0, 1.0, 0.0],
              "rotationOrigin": [-1.0, -1.0, -1.0],
              "faces": {
                "north": { "texture": "#sides2", "uv": [0.0, 0.0, 14.0, 2.0] },
                "east": { "texture": "#sides2", "uv": [13.0, 0.0, 14.0, 2.0] },
                "south": {
                  "texture": "#sides2",
                  "uv": [2.0, 11.0, 16.0, 13.0]
                },
                "west": { "texture": "#sides2", "uv": [0.0, 0.0, 1.0, 2.0] },
                "up": { "texture": "#sides2", "uv": [0.0, 0.0, 14.0, 1.0] },
                "down": { "texture": "#sides2", "uv": [0.0, 14.5, 14.0, 15.5] }
              },
              "children": [
                {
                  "name": "hinge 3",
                  "from": [2.5, -0.8, 1.0],
                  "to": [3.5, 1.2, 1.5],
                  "rotationOrigin": [3.0, -0.8, 1.0],
                  "faces": {
                    "north": {
                      "texture": "#accessories",
                      "uv": [0.0, 0.0, 1.0, 2.0]
                    },
                    "east": {
                      "texture": "#accessories",
                      "uv": [0.0, 0.0, 0.5, 2.0]
                    },
                    "south": {
                      "texture": "#accessories",
                      "uv": [0.0, 0.0, 1.0, 2.0]
                    },
                    "west": {
                      "texture": "#accessories",
                      "uv": [0.0, 0.0, 0.5, 2.0]
                    },
                    "up": {
                      "texture": "#accessories",
                      "uv": [0.0, 0.0, 1.0, 0.5]
                    },
                    "down": {
                      "texture": "#accessories",
                      "uv": [0.0, 0.0, 1.0, 0.5]
                    }
                  }
                },
                {
                  "name": "hinge 4",
                  "from": [10.5, -0.8, 1.0],
                  "to": [11.5, 1.2, 1.5],
                  "rotationOrigin": [11.0, -0.8, 1.0],
                  "faces": {
                    "north": {
                      "texture": "#accessories",
                      "uv": [0.0, 0.0, 1.0, 2.0]
                    },
                    "east": {
                      "texture": "#accessories",
                      "uv": [0.0, 0.0, 0.5, 2.0]
                    },
                    "south": {
                      "texture": "#accessories",
                      "uv": [0.0, 0.0, 1.0, 2.0]
                    },
                    "west": {
                      "texture": "#accessories",
                      "uv": [0.0, 0.0, 0.5, 2.0]
                    },
                    "up": {
                      "texture": "#accessories",
                      "uv": [0.0, 0.0, 1.0, 0.5]
                    },
                    "down": {
                      "texture": "#accessories",
                      "uv": [0.0, 0.0, 1.0, 0.5]
                    }
                  }
                }
              ]
            },
            {
              "name": "South",
              "from": [-1.0, -1.0, 11.0],
              "to": [13.0, 1.0, 12.0],
              "rotationOrigin": [-1.0, -1.0, 11.0],
              "faces": {
                "north": {
                  "texture": "#sides2",
                  "uv": [0.5, 11.0, 14.5, 13.0]
                },
                "east": { "texture": "#sides2", "uv": [0.0, 0.0, 1.0, 2.0] },
                "south": { "texture": "#sides2", "uv": [0.0, 0.0, 14.0, 2.0] },
                "west": { "texture": "#sides2", "uv": [13.0, 0.0, 14.0, 2.0] },
                "up": { "texture": "#sides2", "uv": [0.0, 0.0, 14.0, 1.0] },
                "down": { "texture": "#sides2", "uv": [0.5, 13.5, 14.5, 14.5] }
              }
            },
            {
              "name": "Cube34",
              "from": [4.5, -2.5, 12.0],
              "to": [7.5, 0.0, 12.5],
              "rotationOrigin": [4.5, -2.5, 12.0],
              "faces": {
                "north": {
                  "texture": "#accessories",
                  "uv": [0.0, 0.0, 3.0, 2.5]
                },
                "east": {
                  "texture": "#accessories",
                  "uv": [0.0, 0.0, 0.5, 2.5]
                },
                "south": {
                  "texture": "#accessories",
                  "uv": [9.0, 0.5, 12.0, 3.0]
                },
                "west": {
                  "texture": "#accessories",
                  "uv": [0.0, 0.0, 0.5, 2.5]
                },
                "up": { "texture": "#accessories", "uv": [0.0, 0.0, 3.0, 0.5] },
                "down": {
                  "texture": "#accessories",
                  "uv": [0.0, 0.0, 3.0, 0.5]
                }
              }
            },
            {
              "name": "Cube35",
              "from": [5.0, 0.0, 12.0],
              "to": [7.0, 0.5, 12.5],
              "rotationOrigin": [5.0, 0.0, 12.0],
              "faces": {
                "north": {
                  "texture": "#accessories",
                  "uv": [0.0, 0.0, 2.0, 0.5],
                  "enabled": false
                },
                "east": {
                  "texture": "#accessories",
                  "uv": [0.0, 0.0, 0.5, 0.5]
                },
                "south": {
                  "texture": "#accessories",
                  "uv": [9.5, 0.0, 11.5, 0.5]
                },
                "west": {
                  "texture": "#accessories",
                  "uv": [0.0, 0.0, 0.5, 0.5]
                },
                "up": { "texture": "#accessories", "uv": [0.0, 0.0, 2.0, 0.5] },
                "down": {
                  "texture": "#accessories",
                  "uv": [0.0, 0.0, 2.0, 0.5],
                  "enabled": false
                }
              }
            }
          ]
        }
      ]
    },
    {
      "name": "label",
      "from": [3.0, 3.0, 14.0],
      "to": [13.0, 9.0, 14.5],
      "rotationOrigin": [3.0, 3.0, 14.0],
      "faces": {
        "north": {
          "texture": "#accessories",
          "uv": [0.0, 0.0, 10.0, 6.0],
          "enabled": false
        },
        "east": { "texture": "#accessories", "uv": [0.0, 10.0, 0.5, 16.0] },
        "south": { "texture": "#accessories", "uv": [0.0, 10.0, 10.0, 16.0] },
        "west": { "texture": "#accessories", "uv": [9.5, 10.0, 10.0, 16.0] },
        "up": { "texture": "#accessories", "uv": [0.0, 10.0, 10.0, 10.5] },
        "down": { "texture": "#accessories", "uv": [0.0, 10.0, 10.0, 10.5] }
      }
    }
  ],
  "animations": [
    {
      "name": "lidopen",
      "code": "lidopen",
      "quantityframes": 30,
      "onActivityStopped": "Rewind",
      "onAnimationEnd": "Hold",
      "keyframes": [
        {
          "frame": 0,
          "elements": {
            "origin": {},
            "lid": { "rotationX": 0.0, "rotationY": 0.0, "rotationZ": 0.0 }
          }
        },
        {
          "frame": 29,
          "elements": {
            "origin": {},
            "lid": { "rotationX": -67.5, "rotationY": 0.0, "rotationZ": 0.0 }
          }
        }
      ]
    }
  ]
}
