[
  {
    "op": "add",
    "path": "/structures/25",
    "value": {
      "code": "undergroundruin",
      "name": "locustmod ruins",
      "chance": 10,
      "schematics": [
        "underground/tech/tinkercommon1",
        "underground/tech/tinkercommon2"
      ],
      "placement": "underground"
    },
    "file": "worldgen/structures.json"
  },
  {
    "op": "add",
    "path": "/structures/26",
    "value": {
      "code": "undergroundruin",
      "name": "locustmod ruins",
      "chance": 0.07,
      "schematics": [
        "underground/tech/dropruins1"
      ],
      "placement": "underground"
    },
    "file": "worldgen/structures.json"
  },
  {
    "op": "add",
    "path": "/structures/27",
    "value": {
      "code": "undergroundruin",
      "name": "locustmod ruins",
      "chance": 0.5,
      "schematics": [
        "underground/tech/shrine1"
      ],
      "placement": "underground"
    },
    "file": "worldgen/structures.json"
  },
  {
    "op": "add",
    "path": "/structures/28",
    "value": {
      "code": "undergroundruin",
      "name": "locustmod ruins",
      "chance": 1.4,
      "schematics": [
        "underground/tech/mines1"
      ],
      "placement": "underground"
    },
    "file": "worldgen/structures.json"
  },
  {
    "op": "add",
    "path": "/structures/29",
    "value": {
      "code": "undergroundruin",
      "name": "locustmod ruins rare",
      "chance": 1,
      "schematics": [
        "underground/tech/tinkerrare"
      ],
      "placement": "underground"
    },
    "file": "worldgen/structures.json"
  }
]