{
	code: "drifter",
	class: "EntityHumanoid",
	canClimb: true,
	hitboxSize: { x: 0.6, y: 1.3 },
	deadHitboxSize: { x: 0.6, y: 1 },
	eyeHeight: 1.2,
	attributes: {
		glitchAffected: true,
		spawnCloserDuringLowStability: true,
		onDeathStabilityRecoveryByType: {
			"drifter-normal": 0.01,
			"drifter-deep": 0.015,
			"drifter-tainted": 0.02,
			"drifter-corrupt": 0.025,
			"drifter-nightmare": 0.35,
		}
	},
	variantgroups: [
		{ code: "type", states: ["normal", "deep", "tainted", "corrupt", "nightmare"]},
	],
	drops: [],
	client: {
		renderer: "Shape",
		shapeByType: {
			"*-normal": { base: "entity/land/drifter/surface" },
			"*-deep": { base: "entity/land/drifter/surface" },
			
			"*-tainted": { base: "entity/land/drifter/spiked1", alternates: [{ base: "entity/land/drifter/spiked2" }] },
			"*-corrupt": { base: "entity/land/drifter/deerhorn" },
			"*-nightmare": { base: "entity/land/drifter/knife" },
		},
		texturesByType: {
			"*-normal": {
				"skin": { base: "entity/drifter/surface1", alternates: [ { base: "entity/drifter/surface2" }, {base: "entity/drifter/surface3" }] },
			},
			"*-deep": {
				"skin": { base: "entity/drifter/deep1", alternates: [ { base: "entity/drifter/deep2" } ] },
			}
		},
		behaviors: [
			{ code: "repulseagents" }, 
			{ code: "controlledphysics", stepHeight: 1.1251 }, 
			{ code: "floatupwhenstuck", onlyWhenDead: true },
			{ code: "interpolateposition" },
			{ code: "harvestable", duration: 2 }
		],
		animations: [
			{
				code: "hurt",
				animation: "hurt", 
				animationSpeed: 2,
				weight: 10,
				blendMode: "AddAverage" 
			},
			{
				code: "die",
				animation: "die", 
				animationSpeed: 0.7,
				weight: 10,
				blendMode: "Average",
				triggeredBy: { onControls: ["dead"] }
			},
			{ 
				code: "idle", 
				animation: "idle",
				blendMode: "Average", 
				triggeredBy: { defaultAnim: true },
			}
		]
	},
	server: {
		behaviors: [
			{ code: "repulseagents" }, 
			{ code: "controlledphysics", stepHeight: 1.1251 },
			{ code: "health", 
				currenthealthByType: {
					"*-normal": 11,
					"*-deep": 15,
					"*-tainted": 21,
					"*-corrupt": 29,
					"*-nightmare": 39,
				},
				maxhealthByType: {
					"*-normal": 11,
					"*-deep": 15,
					"*-tainted": 21,
					"*-corrupt": 29,
					"*-nightmare": 39,
				}
			},
			{ code: "deaddecay", hoursToDecay: 3 },
			{ code: "floatupwhenstuck", onlyWhenDead: true },
			{ code: "despawn", minPlayerDistance: 24, minSeconds: 30 },
			{ code: "despawn", minPlayerDistance: 48, minSeconds: 5 },
			{
				code: "emotionstates",
				states: [  {
						code: "fleeondamage", 
						duration: 10,
						chanceByType: {
							"*-normal": 0.15,
							"*-deep": 0.07,
							"*-tainted": 0.03,
							"*-corrupt": 0.015,
							"*-nightmare": 0.01,
						},
						slot: 0, 
						priority: 1, 
						accumType: "max" 
					} ]
			},
			{
				code: "taskai",
				aitasks: [
					{
						code: "fleeentity",
						entityCodes: ["player"],
						priority: 3,
						movespeed: 0.015,
						seekingRange: 20,
						fleeingDistance: 64,
						fleeDurationMs: 9999999,
						minDayLightByType: {
							"*-normal": 0.925,
							"*-deep": 0.97,
							"*-tainted": 2,
							"*-corrupt": 2,
							"*-nightmare": 2,
						},
						ignoreDeepDayLight: true,
						cancelOnHurt: true,
						executionChance: 0.003,
						animationSpeed: 1.2,
						animation: "run"
					},
					{
						code: "fleeentity",
						entityCodes: ["player"],
						priority: 2.5,
						movespeed: 0.015,
						seekingRange: 12,
						cancelOnHurt: true,
						animation: "Run",
						animationSpeed: 1.2,
						whenInEmotionState: "fleeondamage",
						animation: "run"
					},
					{
						code: "meleeattack",
						entityCodes: ["player"],
						priority: 2,
						damageByType: {
							"*-normal": 2.5,
							"*-deep": 4,
							"*-tainted": 8,
							"*-corrupt": 12,
							"*-nightmare": 20
						},
						damageTierByType: {
							"*-normal": 0,
							"*-deep": 1,
							"*-tainted": 2,
							"*-corrupt": 3,
							"*-nightmare": 4
						},
						mincooldown: 1000, 
						maxcooldown: 1200, 
						damagePlayerAtMs: 600,
						attackDurationMs: 1000,
						animation: "attack",
						animationSpeed: 1.1
					},
					{
						code: "seekentity",
						entityCodes: ["player"],
						priority: 1.5,
						mincooldown: 500, 
						maxcooldown: 1000,
						movespeedByType: {
							"*-normal": 0.012,
							"*-deep": 0.014,
							"*-tainted": 0.016,
							"*-corrupt": 0.018,
							"*-nightmare": 0.022
						},
						seekingRangeByType: {
							"*-normal": 14,
							"*-deep": 15,
							"*-tainted": 16,
							"*-corrupt": 18,
							"*-nightmare": 18
						},
						animationSpeedByType: {
							"*-normal": 1,
							"*-deep": 1.2,
							"*-tainted": 1.3,
							"*-corrupt": 1.4,
							"*-nightmare": 1.6
						},
						animation: "run",
						sound: "creature/drifter-aggro"
					},
					{
						code: "idle",
						priority: 1.2,
						priorityForCancel: 1.35,
						minduration: 4000,
						maxduration: 6000,
						chance: 0.001,
						initialMinCoolDown: 2000,
						initialMaxCoolDown: 150000,
						mincooldown: 300000,
						maxcooldown: 10000000,
						animation: "think",
						animationSpeed: 1.25
					},
					{
						code: "idle",
						priority: 1.2,
						priorityForCancel: 1.35,
						minduration: 4000,
						maxduration: 6000,
						chance: 0.001,
						initialMinCoolDown: 2000,
						initialMaxCoolDown: 150000,
						mincooldown: 300000,
						maxcooldown: 10000000,
						animation: "cry",
						animationSpeed: 1
					},
					{
						code: "wander", 
						priority: 1.0, 
						movespeed: 0.008,
						animationSpeed: 1,
						animation: "shamble",
						preferredLightLevel: 15
					},
					{
						code: "wander", 
						priority: 1.0, 
						movespeed: 0.008,
						animationSpeed: 1,
						animation: "lowshamble",
						preferredLightLevel: 15
					},
					{
						code: "getoutofwater",
						priority: 1.4,
						movespeed: 0.01,
						animation: "shamble",
						animationSpeed: 1.6
					},
					{ 
						code: "lookaround", 
						priority: 0.5
					}
				]
			},
			{ code: "harvestable", duration: 0.5, dropsByType: {
				"*-normal": [
					{
						type: "item",
						code: "gear-temporal",
						quantity: { avg: 0.03, var: 0 }
					},
					{
						type: "item",
						code: "gear-rusty",
						dropModbyStat: "rustyGearDropRate",
						quantity: { avg: 0.1, var: 0 }
					},	
					{
						type: "item",
						code: "flaxfibers",
						quantity: { avg: 1, var: 1 }
					},
					{
						type: "item",
						code: "flaxtwine",
						quantity: { avg: 0.1, var: 0 }
					}
				],
				"*-deep": [
					{
						type: "item",
						code: "gear-temporal",
						quantity: { avg: 0.04, var: 0 }
					},
					{
						type: "item",
						code: "gear-rusty",
						dropModbyStat: "rustyGearDropRate",
						quantity: { avg: 0.2, var: 0 }
					},
					{
						type: "item",
						code: "flaxfibers",
						quantity: { avg: 2, var: 1 }
					},
					{
						type: "item",
						code: "flaxtwine",
						quantity: { avg: 0.15, var: 0 }
					}
				],		
				"*-tainted": [
					{
						type: "item",
						code: "gear-temporal",
						quantity: { avg: 0.05, var: 0 }
					},
					{
						type: "item",
						code: "gear-rusty",
						dropModbyStat: "rustyGearDropRate",
						quantity: { avg: 0.35, var: 0 }
					},
					{
						type: "item",
						code: "flaxfibers",
						quantity: { avg: 3, var: 1 }
					},
					{
						type: "item",
						code: "flaxtwine",
						quantity: { avg: 0.2, var: 0 }
					}
				],
				"*-corrupt": [
					{
						type: "item",
						code: "gear-temporal",
						quantity: { avg: 0.06, var: 0 }
					},
					{
						type: "item",
						code: "gear-rusty",
						dropModbyStat: "rustyGearDropRate",
						quantity: { avg: 0.45, var: 0 }
					},
					{
						type: "item",
						code: "flaxfibers",
						quantity: { avg: 3, var: 2 }
					},
					{
						type: "item",
						code: "flaxtwine",
						quantity: { avg: 0.2, var: 0.1 }
					}
				],
				"*-nightmare": [
					{
						type: "item",
						code: "gear-temporal",
						quantity: { avg: 0.08, var: 0 }
					},
					{
						type: "item",
						code: "gear-rusty",
						dropModbyStat: "rustyGearDropRate",
						quantity: { avg: 0.60, var: 0 }
					},
					{
						type: "item",
						code: "flaxfibers",
						quantity: { avg: 4, var: 3 }
					},
					{
						type: "item",
						code: "flaxtwine",
						quantity: { avg: 0.2, var: 0.2 }
					}
				],
				},
			}
		],
		spawnconditions: {
			runtime: {
				group: "hostile",
				maxQuantityByType: {
					"*-normal": 12,
					"*-deep": 9,
					"*-tainted": 8,
					"*-corrupt": 6,
					"*-nightmare": 5
				},
				maxLightLevel: 7,
				chance: 0.1,
				lightLevelType: "MaxTimeOfDayLight",
				groupSizeByType: {
					"*-normal": { dist: "invexp", avg: 1, var: 3 },
					"*": { dist: "uniform", avg: 1.5, var: 0.5 },
				},
				insideBlockCodes: ["air", "tallgrass-*"],
				minYByType: {
					"*-normal": 0.7,
					"*-deep": 0.22,
					"*-tainted": 0.1,
					"*-corrupt": 0,
					"*-nightmare": 0
				},
				maxYByType: {
					"*-normal": 2,
					"*-deep": 0.87,
					"*-tainted": 0.55,
					"*-corrupt": 0.35,
					"*-nightmare": 0.23
				}
			}
		}
	},
	sounds: {
		hurt: "creature/drifter-hurt",
		death: "creature/drifter-death",
		idle: "creature/drifter-idle"
	}
}