[
  {
    "op": "add",
    "path": "/guiTransformByType/@*-(iron|meteoriciron|steel|)",
    "value": {
      "translation": {
        "x": 0,
        "y": 0,
        "z": 0
      },
      "rotation": {
        "x": -21,
        "y": -150,
        "z": -144
      },
      "origin": {
        "x": 1.37,
        "y": 0.07,
        "z": 0.51
      },
      "scale": 2.4
    },
    "file": "itemtypes/toolhead/spearhead.json"
  },
  {
    "op": "add",
    "path": "/shapeByType/spearhead-iron",
    "value": {
      "base": "lazytweaks:item/toolhead/spearhead-forged"
    },
    "file": "itemtypes/toolhead/spearhead.json"
  },
  {
    "op": "add",
    "path": "/shapeByType/spearhead-meteoriciron",
    "value": {
      "base": "lazytweaks:item/toolhead/spearhead-forged"
    },
    "file": "itemtypes/toolhead/spearhead.json"
  },
  {
    "op": "add",
    "path": "/shapeByType/spearhead-steel",
    "value": {
      "base": "lazytweaks:item/toolhead/spearhead-forged"
    },
    "file": "itemtypes/toolhead/spearhead.json"
  },
  {
    "op": "add",
    "path": "/variantgroups/0/states/10",
    "value": "iron",
    "file": "itemtypes/toolhead/spearhead.json"
  },
  {
    "op": "add",
    "path": "/variantgroups/0/states/11",
    "value": "meteoriciron",
    "file": "itemtypes/toolhead/spearhead.json"
  },
  {
    "op": "add",
    "path": "/variantgroups/0/states/12",
    "value": "steel",
    "file": "itemtypes/toolhead/spearhead.json"
  }
]