[
  {
    "op": "add",
    "path": "/combustiblePropsByType/log-*-acacia-*/meltingDuration",
    "value": 89,
    "file": "blocktypes/wood/log.json"
  },
  {
    "op": "add",
    "path": "/combustiblePropsByType/log-*-acacia-*/meltingPoint",
    "value": 300,
    "file": "blocktypes/wood/log.json"
  },
  {
    "op": "add",
    "path": "/combustiblePropsByType/log-*-acacia-*/requiresContainer",
    "value": false,
    "file": "blocktypes/wood/log.json"
  },
  {
    "op": "add",
    "path": "/combustiblePropsByType/log-*-acacia-*/smeltedRatio",
    "value": 1,
    "file": "blocktypes/wood/log.json"
  },
  {
    "op": "add",
    "path": "/combustiblePropsByType/log-*-acacia-*/smeltedStack",
    "value": {
      "type": "item",
      "code": "lazytweaks:ash",
      "stacksize": 9
    },
    "file": "blocktypes/wood/log.json"
  },
  {
    "op": "add",
    "path": "/combustiblePropsByType/log-*-acacia-*/smeltingType",
    "value": "bake",
    "file": "blocktypes/wood/log.json"
  },
  {
    "op": "add",
    "path": "/combustiblePropsByType/log-*-aged-*/meltingDuration",
    "value": 60,
    "file": "blocktypes/wood/log.json"
  },
  {
    "op": "add",
    "path": "/combustiblePropsByType/log-*-aged-*/meltingPoint",
    "value": 300,
    "file": "blocktypes/wood/log.json"
  },
  {
    "op": "add",
    "path": "/combustiblePropsByType/log-*-aged-*/requiresContainer",
    "value": false,
    "file": "blocktypes/wood/log.json"
  },
  {
    "op": "add",
    "path": "/combustiblePropsByType/log-*-aged-*/smeltedRatio",
    "value": 1,
    "file": "blocktypes/wood/log.json"
  },
  {
    "op": "add",
    "path": "/combustiblePropsByType/log-*-aged-*/smeltedStack",
    "value": {
      "type": "item",
      "code": "lazytweaks:ash",
      "stacksize": 4
    },
    "file": "blocktypes/wood/log.json"
  },
  {
    "op": "add",
    "path": "/combustiblePropsByType/log-*-aged-*/smeltingType",
    "value": "bake",
    "file": "blocktypes/wood/log.json"
  },
  {
    "op": "add",
    "path": "/combustiblePropsByType/log-*-birch-*/meltingDuration",
    "value": 78,
    "file": "blocktypes/wood/log.json"
  },
  {
    "op": "add",
    "path": "/combustiblePropsByType/log-*-birch-*/meltingPoint",
    "value": 300,
    "file": "blocktypes/wood/log.json"
  },
  {
    "op": "add",
    "path": "/combustiblePropsByType/log-*-birch-*/requiresContainer",
    "value": false,
    "file": "blocktypes/wood/log.json"
  },
  {
    "op": "add",
    "path": "/combustiblePropsByType/log-*-birch-*/smeltedRatio",
    "value": 1,
    "file": "blocktypes/wood/log.json"
  },
  {
    "op": "add",
    "path": "/combustiblePropsByType/log-*-birch-*/smeltedStack",
    "value": {
      "type": "item",
      "code": "lazytweaks:ash",
      "stacksize": 8
    },
    "file": "blocktypes/wood/log.json"
  },
  {
    "op": "add",
    "path": "/combustiblePropsByType/log-*-birch-*/smeltingType",
    "value": "bake",
    "file": "blocktypes/wood/log.json"
  },
  {
    "op": "add",
    "path": "/combustiblePropsByType/log-*-kapok-*/meltingDuration",
    "value": 47,
    "file": "blocktypes/wood/log.json"
  },
  {
    "op": "add",
    "path": "/combustiblePropsByType/log-*-kapok-*/meltingPoint",
    "value": 300,
    "file": "blocktypes/wood/log.json"
  },
  {
    "op": "add",
    "path": "/combustiblePropsByType/log-*-kapok-*/requiresContainer",
    "value": false,
    "file": "blocktypes/wood/log.json"
  },
  {
    "op": "add",
    "path": "/combustiblePropsByType/log-*-kapok-*/smeltedRatio",
    "value": 1,
    "file": "blocktypes/wood/log.json"
  },
  {
    "op": "add",
    "path": "/combustiblePropsByType/log-*-kapok-*/smeltedStack",
    "value": {
      "type": "item",
      "code": "lazytweaks:ash",
      "stacksize": 5
    },
    "file": "blocktypes/wood/log.json"
  },
  {
    "op": "add",
    "path": "/combustiblePropsByType/log-*-kapok-*/smeltingType",
    "value": "bake",
    "file": "blocktypes/wood/log.json"
  },
  {
    "op": "add",
    "path": "/combustiblePropsByType/log-*-maple-*/meltingDuration",
    "value": 79,
    "file": "blocktypes/wood/log.json"
  },
  {
    "op": "add",
    "path": "/combustiblePropsByType/log-*-maple-*/meltingPoint",
    "value": 300,
    "file": "blocktypes/wood/log.json"
  },
  {
    "op": "add",
    "path": "/combustiblePropsByType/log-*-maple-*/requiresContainer",
    "value": false,
    "file": "blocktypes/wood/log.json"
  },
  {
    "op": "add",
    "path": "/combustiblePropsByType/log-*-maple-*/smeltedRatio",
    "value": 1,
    "file": "blocktypes/wood/log.json"
  },
  {
    "op": "add",
    "path": "/combustiblePropsByType/log-*-maple-*/smeltedStack",
    "value": {
      "type": "item",
      "code": "lazytweaks:ash",
      "stacksize": 8
    },
    "file": "blocktypes/wood/log.json"
  },
  {
    "op": "add",
    "path": "/combustiblePropsByType/log-*-maple-*/smeltingType",
    "value": "bake",
    "file": "blocktypes/wood/log.json"
  },
  {
    "op": "add",
    "path": "/combustiblePropsByType/log-*-oak-*/meltingDuration",
    "value": 98,
    "file": "blocktypes/wood/log.json"
  },
  {
    "op": "add",
    "path": "/combustiblePropsByType/log-*-oak-*/meltingPoint",
    "value": 300,
    "file": "blocktypes/wood/log.json"
  },
  {
    "op": "add",
    "path": "/combustiblePropsByType/log-*-oak-*/requiresContainer",
    "value": false,
    "file": "blocktypes/wood/log.json"
  },
  {
    "op": "add",
    "path": "/combustiblePropsByType/log-*-oak-*/smeltedRatio",
    "value": 1,
    "file": "blocktypes/wood/log.json"
  },
  {
    "op": "add",
    "path": "/combustiblePropsByType/log-*-oak-*/smeltedStack",
    "value": {
      "type": "item",
      "code": "lazytweaks:ash",
      "stacksize": 10
    },
    "file": "blocktypes/wood/log.json"
  },
  {
    "op": "add",
    "path": "/combustiblePropsByType/log-*-oak-*/smeltingType",
    "value": "bake",
    "file": "blocktypes/wood/log.json"
  },
  {
    "op": "add",
    "path": "/combustiblePropsByType/log-*-pine-*/meltingDuration",
    "value": 60,
    "file": "blocktypes/wood/log.json"
  },
  {
    "op": "add",
    "path": "/combustiblePropsByType/log-*-pine-*/meltingPoint",
    "value": 300,
    "file": "blocktypes/wood/log.json"
  },
  {
    "op": "add",
    "path": "/combustiblePropsByType/log-*-pine-*/requiresContainer",
    "value": false,
    "file": "blocktypes/wood/log.json"
  },
  {
    "op": "add",
    "path": "/combustiblePropsByType/log-*-pine-*/smeltedRatio",
    "value": 1,
    "file": "blocktypes/wood/log.json"
  },
  {
    "op": "add",
    "path": "/combustiblePropsByType/log-*-pine-*/smeltedStack",
    "value": {
      "type": "item",
      "code": "lazytweaks:ash",
      "stacksize": 6
    },
    "file": "blocktypes/wood/log.json"
  },
  {
    "op": "add",
    "path": "/combustiblePropsByType/log-*-pine-*/smeltingType",
    "value": "bake",
    "file": "blocktypes/wood/log.json"
  }
]