[
  {
    "op": "add",
    "path": "/attackpowerbytype/spear-iron",
    "value": 5,
    "file": "itemtypes/tool/spear.json"
  },
  {
    "op": "add",
    "path": "/attackpowerbytype/spear-meteoriciron",
    "value": 5.5,
    "file": "itemtypes/tool/spear.json"
  },
  {
    "op": "add",
    "path": "/attackpowerbytype/spear-steel",
    "value": 6,
    "file": "itemtypes/tool/spear.json"
  },
  {
    "op": "add",
    "path": "/attributes/damageByType/*-iron",
    "value": 10,
    "file": "itemtypes/tool/spear.json"
  },
  {
    "op": "add",
    "path": "/attributes/damageByType/*-meteoriciron",
    "value": 11,
    "file": "itemtypes/tool/spear.json"
  },
  {
    "op": "add",
    "path": "/attributes/damageByType/*-steel",
    "value": 12,
    "file": "itemtypes/tool/spear.json"
  },
  {
    "op": "add",
    "path": "/durabilitybytype/spear-iron",
    "value": 500,
    "file": "itemtypes/tool/spear.json"
  },
  {
    "op": "add",
    "path": "/durabilitybytype/spear-meteoriciron",
    "value": 650,
    "file": "itemtypes/tool/spear.json"
  },
  {
    "op": "add",
    "path": "/durabilitybytype/spear-steel",
    "value": 900,
    "file": "itemtypes/tool/spear.json"
  },
  {
    "op": "add",
    "path": "/shapeByType/spear-iron",
    "value": {
      "base": "lazytweaks:item/tool/spear-forged"
    },
    "file": "itemtypes/tool/spear.json"
  },
  {
    "op": "add",
    "path": "/shapeByType/spear-meteoriciron",
    "value": {
      "base": "lazytweaks:item/tool/spear-forged-meteoric"
    },
    "file": "itemtypes/tool/spear.json"
  },
  {
    "op": "add",
    "path": "/shapeByType/spear-steel",
    "value": {
      "base": "lazytweaks:item/tool/spear-forged-steel"
    },
    "file": "itemtypes/tool/spear.json"
  },
  {
    "op": "add",
    "path": "/variantgroups/0/states/13",
    "value": "iron",
    "file": "itemtypes/tool/spear.json"
  },
  {
    "op": "add",
    "path": "/variantgroups/0/states/14",
    "value": "meteoriciron",
    "file": "itemtypes/tool/spear.json"
  },
  {
    "op": "add",
    "path": "/variantgroups/0/states/15",
    "value": "steel",
    "file": "itemtypes/tool/spear.json"
  }
]