[
  {
    "op": "add",
    "path": "/attributesByType/toolmold-burned-hoe",
    "value": {
      "requiredUnits": 25,
      "fillHeight": 1,
      "drop": {
        "type": "item",
        "code": "{tooltype}head-{metal}"
      }
    },
    "file": "blocktypes/clay/mold/toolmold.json"
  },
  {
    "op": "add",
    "path": "/attributesByType/toolmold-burned-prospectingpick",
    "value": {
      "requiredUnits": 50,
      "fillHeight": 1,
      "drop": {
        "type": "item",
        "code": "{tooltype}head-{metal}"
      }
    },
    "file": "blocktypes/clay/mold/toolmold.json"
  }
]