{
	code: "elantern",
	class: "BlockTorch",
	entityClass: "Torch",
	storageFlags: 257,
	heldRightTpIdleAnimation: "holdinglanternrighthand",
	heldLeftTpIdleAnimation: "holdinglanternlefthand",
	behaviors: [
		{name: "OmniAttachable", properties: { facingPos: 1
			}
		}
	],
	
	variantgroups: [
		{ code: "position", states: [
				"up",
				"down"
			], loadFromProperties: "abstract/horizontalorientation"
		}
	],
	shapebytype: {
		"elantern-up": { base: "block/elanternground"
		},
		"elantern-down": { base: "block/elanternceiling"
		},
		"elantern-north": { base: "block/elanternwall", rotateY: 0
		},
		"elantern-east": { base: "block/elanternwall", rotateY: 270
		},
		"elantern-south": { base: "block/elanternwall", rotateY: 180
		},
		"elantern-west": { base: "block/elanternwall", rotateY: 90
		}
	},
	"_comment": "Must declare textures so they get added to the block texture atlas",
	textures: {
		"elantern": { base: "item/black" }
	},
	creativeinventory: {},
	creativeinventoryStacksByType: {
		"*-up": [
			{
				tabs: [
					"general",
					"decorative"
				],
				stacks: [
					{ type: "block", code: "elantern-up"
					}
				]
			}
		]
	},
	blockmaterial: "Metal",
	lightAbsorption: 0,
	lightHsv: [
		8,
		4,
		30
	],
	drawtype: "json",
	sidesolid: {
		all: false
	},
	sideopaque: {
		all: false
	},
	replaceable: 500,
	resistance: 2,
	fpHandTransform: {
		translation: { x: 0.3, y: -0.1, z: 0
		},
		rotation: { x: 0, y: -45, z: 0
		},
		scale: 1.18
	},
	guiTransform: {
		origin: { x: 0.5, y: 0.3, z: 0.5
		},
		scale: 1.5
	},
	tpHandTransform: {
		translation: { x: -0.59, y: -0.89, z: -0.83
		},
		rotation: { x: 0, y: -8, z: -96
		},
		scale: 0.55
	},
	groundTransform: {
		origin: { x: 0.5, y: 0, z: 0.5
		},
		scale: 2
	},
	selectionboxbytype: {
		"*-up": { x1: 0.3125, y1: 0, z1: 0.3, x2: 0.7, y2: 0.5875, z2: 0.7 
		},
		"*-down": { x1: 0.25, y1: 0, z1: 0.25, x2: 0.75, y2: 1, z2: 0.75
		},
		"*-east": { x1: 0.3, y1: 0.1875, z1: 0.5, x2: 0.7, y2: 0.7875, z2: 1, rotateY: 270
		},
		"*-south": { x1: 0.3, y1: 0.1875, z1: 0.5, x2: 0.7, y2: 0.7875, z2: 1, rotateY: 180
		},
		"*-west": { x1: 0.3, y1: 0.1875, z1: 0.5, x2: 0.7, y2: 0.7875, z2: 1, rotateY: 90
		},
		"*-north": { x1: 0.3, y1: 0.1875, z1: 0.5, x2: 0.7, y2: 0.7875, z2: 1, rotateY: 0
		}
	},
	collisionboxbytype: {
		"*-up": { x1: 0.3125, y1: 0, z1: 0.3, x2: 0.7, y2: 0.5875, z2: 0.7 
		},
		"*-down": { x1: 0.25, y1: 0, z1: 0.25, x2: 0.75, y2: 1, z2: 0.75
		},
		"*-east": { x1: 0.3, y1: 0.1875, z1: 0.5, x2: 0.7, y2: 0.7875, z2: 1, rotateY: 270
		},
		"*-south": { x1: 0.3, y1: 0.1875, z1: 0.5, x2: 0.7, y2: 0.7875, z2: 1, rotateY: 180
		},
		"*-west": { x1: 0.3, y1: 0.1875, z1: 0.5, x2: 0.7, y2: 0.7875, z2: 1, rotateY: 90
		},
		"*-north": { x1: 0.3, y1: 0.1875, z1: 0.5, x2: 0.7, y2: 0.7875, z2: 1, rotateY: 0
		}
	}
}