[
	{
  "ingredientPattern": "QQQQFQQCQ",
  "ingredients": {
    "Q": {
      "type": "item", 
	  "code": "game:ore-quartz", "quantity": 2
    },
    "F": {
      "type": "item",
      "code": "filament", "quantity": 1
    },
	"C": {
      "type": "block",
      "code": "copperparts"
    }
	},
  "width": 3,
  "height": 3,
  "output": { type: "item", code: "bulb", "quantity": 2  }
	},
	{
	"ingredientPattern": "QQQQFQQCQ",
  "ingredients": {
    "Q": {
      "type": "item", 
	  "code": "game:clearquartz", "quantity": 1
    },
   "F": {
      "type": "item",
      "code": "filament", "quantity": 1
    },
	"C": {
      "type": "block",
      "code": "copperparts"
    }
  },
  "width": 3,
  "height": 3,
  "output": { type: "item", code: "bulb", "quantity": 2  }
	}
]
