[
	{
  "ingredientPattern": "_F,SC,HB",
  "ingredients": {
    "S": {
      "type": "item", 
	  "code": "game:longbladehead-steel", "quantity": 1
    },
    "C": {
      "type": "item",
      "code": "coil", "quantity": 4
    },
	"H": {
      "type": "item",
      "code": "metalhaft", "quantity": 1
    },
	"B": {
      "type": "item",
      "code": "czbatt", "quantity": 1
    },
	"F": {
      "type": "item",
      "code": "filament", "quantity": 2
    }
	},
  "width": 2,
  "height": 3,
  "output": { type: "item", code: "electricsword", "quantity": 1  }
	},
	{
	"ingredientPattern": "SC_",
  "ingredients": {
    "S": {
      "type": "item", 
	  "code": "electricsword", "quantity": 1
    },
    "C": {
      "type": "item",
      "code": "czbatt", "quantity": 1
    }
  },
  "width": 3,
  "height": 1,
   "shapeless": true,
  "output": { type: "item", code: "electricsword", "quantity": 1  }
	}
]
