[
	{
  "ingredientPattern": "_C_,QTQ,_P_",
  "ingredients": {
    "Q": {
      "type": "block", 
	  "code": "brassparts", "quantity": 1
    },
    "T": {
      "type": "item",
      "code": "game:gear-temporal"
    },
	"P": {
      "type": "block",
      "code": "game:metal-parts", "quantity": 1
    },
	"C": {
      "type": "block",
      "code": "copperparts", "quantity": 1
    }
	},
  "width": 3,
  "height": 3,
  "output": { type: "item", code: "fieldresonator", "quantity": 4  }
	},
	{
	"ingredientPattern": "_C_,QTQ,_P_",
  "ingredients": {
    "Q": {
      "type": "block", 
	  "code": "brassparts", "quantity": 1
    },
    "T": {
      "type": "item",
      "code": "game:gear-temporal"
    },
	"P": {
      "type": "block",
      "code": "game:metal-parts", "quantity": 1
    },
	"C": {
      "type": "block",
      "code": "copperparts", "quantity": 1
    }
  },
  "width": 3,
  "height": 3,
  "output": { type: "item", code: "fieldresonator", "quantity": 4  }
	}
]
