[	
	{
  "ingredientPattern": "QIQQBQQPQ",
  "ingredients": {
    "Q": {
      "type": "item", 
	  "code": "game:ore-quartz", "quantity": 2
    },
    "B": {
      "type": "item",
      "code": "bulb"
    },
	"P": {
      "type": "item",
      "code": "czbatt"
	},
    "I": {
      "type": "item",
      "code": "game:metalplate-molybdochalkos"
    }
  },
  "width": 3,
  "height": 3,
  "output": { type: "block", code: "elantern-up", "quantity": 1  }
	},
	{
  "ingredientPattern": "QIQQBQQPQ",
  "ingredients": {
    "Q": {
      "type": "item", 
	  "code": "game:clearquartz", "quantity": 1
    },
    "B": {
      "type": "item",
      "code": "bulb"
    },
	"P": {
      "type": "item",
      "code": "czbatt"
	},
    "I": {
      "type": "item",
      "code": "game:metalplate-molybdochalkos"
    }
  },
  "width": 3,
  "height": 3,
  "output": { type: "block", code: "elantern-up", "quantity": 1  }
	}
]