[
	{
  "ingredientPattern": "LME,CGB,LME",
  "ingredients": {
    "E": {
      "type": "item", 
	  "code": "fieldresonator", "quantity": 1
    },
    "L": {
      "type": "item",
      "code": "game:leather", "quantity": 4
    },
	"B": {
      "type": "item",
      "code": "game:gem-diamond-rough", "quantity": 1
    },
	"M": {
      "type": "item",
      "code": "game:metalplate-iron", "quantity": 1
    },
	"G": {
      "type": "item",
      "code": "gloveframe"
    },
	"C": {
      "type": "item",
      "code": "temporalcore"
    }
	},
  "width": 3,
  "height": 3,
  "output": { type: "item", code: "glove", "quantity": 1  }
	},
	{
	"ingredientPattern": "SC_",
  "ingredients": {
    "S": {
      "type": "item", 
	  "code": "glove", "quantity": 1
    },
    "C": {
      "type": "item",
      "code": "temporalpowercell", "quantity": 16
    }
  },
  "width": 3,
  "height": 1,
   "shapeless": true,
  "output": { type: "item", code: "glove", "quantity": 1  }
	}
]
