[
	{
  "ingredientPattern": "BC_,PEM,_ID",
  "ingredients": {
	"M": {
      "type": "block",
      "code": "game:metal-parts", "quantity": 2
    },
	"B": {
      "type": "item",
      "code": "czbatt", "quantity": 2
    },
	"C": {
      "type": "item",
      "code": "coil", "quantity": 2
    },
	"P": {
      "type": "block",
      "code": "copperparts", "quantity": 2
    },
	"E": {
      "type": "item",
      "code": "motor", "quantity": 1
    },
	"I": {
      "type": "item",
      "code": "game:ingot-iron", "quantity": 2
    },
	"D": {
      "type": "item",
      "code": "drilltip", "quantity": 1
    }
		},
  "width": 3,
  "height": 3,
  "output": { type: "item", code: "drill", "quantity": 1  }
	},
	{
	"ingredientPattern": "SC_",
  "ingredients": {
    "S": {
      "type": "item", 
	  "code": "drill", "quantity": 1
    },
    "C": {
      "type": "item",
      "code": "czbatt", "quantity": 2
    }
  },
  "width": 3,
  "height": 1,
   "shapeless": true,
  "output": { type: "item", code: "drill", "quantity": 1  }
	}
]
