[
	{
  "ingredientPattern": "EDE,IHI,MCM",
  "ingredients": {
    "E": {
      "type": "item", 
	  "code": "fieldresonator", "quantity": 1
    },
	"D": {
      "type": "item",
      "code": "game:gem-diamond-rough"
    },
    "H": {
      "type": "item",
      "code": "brokenhaft"
    },
	"I": {
      "type": "item",
      "code": "game:ingot-iron", "quantity": 1
    },
	"M": {
      "type": "item",
      "code": "game:leather", "quantity": 2
    },
	"C": {
      "type": "item",
      "code": "temporalcore", "quantity": 1
    }
	},
  "width": 3,
  "height": 3,
  "output": { type: "item", code: "temporalsword", "quantity": 1  }
	},
	{
	"ingredientPattern": "SC_",
  "ingredients": {
    "S": {
      "type": "item", 
	  "code": "temporalsword", "quantity": 1
    },
    "C": {
      "type": "item",
      "code": "temporalpowercell", "quantity": 8
    }
  },
  "width": 3,
  "height": 1,
   "shapeless": true,
  "output": { type: "item", code: "temporalsword", "quantity": 1  }
	}
]
