[
	{
  "ingredientPattern": "_C_QTQ_P_",
  "ingredients": {
    "Q": {
      "type": "item", 
	  "code": "game:ore-quartz", "quantity": 8
    },
    "T": {
      "type": "item",
      "code": "game:gear-temporal"
    },
	"P": {
      "type": "block",
      "code": "copperparts", "quantity": 1
    },
	"C": {
      "type": "block",
      "code": "brassparts", "quantity": 1
    }
	},
  "width": 3,
  "height": 3,
  "output": { type: "item", code: "temporalpowercell", "quantity": 16  }
	},
	{
	"ingredientPattern": "_C_QTQ_P_",
  "ingredients": {
    "Q": {
      "type": "item", 
	  "code": "game:clearquartz", "quantity": 4
    },
    "T": {
      "type": "item",
      "code": "game:gear-temporal"
    },
	"P": {
      "type": "block",
      "code": "copperparts", "quantity": 1
    },
	"C": {
      "type": "block",
      "code": "brassparts", "quantity": 1
    }
  },
  "width": 3,
  "height": 3,
  "output": { type: "item", code: "temporalpowercell", "quantity": 16  }
	}
]
