{
  "ingredientPattern": "GFGBCB_P_",
  "ingredients": {
    "G": {
      "type": "block", 
	  "code": "game:glassslab-*"
    },
    "F": {
      "type": "item",
      "code": "fieldresonator", "quantity": 1
    },
	"C": {
      "type": "item",
      "code": "temporalpowercell", "quantity": 2
    },
	"B": {
      "type": "block",
      "code": "brassparts", "quantity": 1
    },
	"P": {
      "type": "item",
      "code": "game:plank-*", "quantity": 4
    }
  },
  "width": 3,
  "height": 3,
  "output": { type: "block", code: "temptorch-up", "quantity": 4  }
}
