{
	"editor": {
		"allAngles": false,
		"entityTextureMode": false
	},
	"textureWidth": 16,
	"textureHeight": 16,
	"textureSizes": {
	},
	"textures": {
		"red": "item/red",
		"glass2": "item/glass3",
		"titanium": "game:item/resource/plate/titanium",
		"glass1": "item/glass3",
		"black": "item/black",
		"glow1": "item/glow1",
		"molybdochalkos": "game:item/resource/plate/molybdochalkos"
	},
	"elements": [
		{
			"name": "base",
			"from": [ 5.0, 0.0, 5.0 ], 
			"to": [ 11.05, 1.331, 11.05 ], 
			"rotationOrigin": [ 8.0, 0.0, 8.0 ],
			"faces": {
				"north": { "texture": "#molybdochalkos", "uv": [ 0.0, 0.0, 6.0, 1.0 ] },
				"east": { "texture": "#molybdochalkos", "uv": [ 0.0, 0.0, 6.0, 1.0 ] },
				"south": { "texture": "#molybdochalkos", "uv": [ 0.0, 0.0, 6.0, 1.0 ] },
				"west": { "texture": "#molybdochalkos", "uv": [ 0.0, 0.0, 6.0, 1.0 ] },
				"up": { "texture": "#molybdochalkos", "uv": [ 0.0, 0.0, 6.0, 6.0 ] },
				"down": { "texture": "#molybdochalkos", "uv": [ 0.0, 0.0, 6.0, 6.0 ] }
			},
			"children": [
				{
					"name": "mount",
					"from": [ 2.178, 1.21, 2.057 ], 
					"to": [ 3.993, 4.356, 3.872 ], 
					"rotationOrigin": [ 2.178, 1.21, 2.057 ],
					"faces": {
						"north": { "texture": "#titanium", "uv": [ 0.0, 0.0, 1.815, 3.025 ] },
						"east": { "texture": "#titanium", "uv": [ 0.0, 0.0, 1.815, 3.025 ] },
						"south": { "texture": "#titanium", "uv": [ 0.0, 0.0, 1.815, 3.025 ] },
						"west": { "texture": "#titanium", "uv": [ 0.0, 0.0, 1.815, 3.025 ] },
						"up": { "texture": "#titanium", "uv": [ 0.0, 0.0, 1.815, 1.815 ] },
						"down": { "texture": "#titanium", "uv": [ 0.0, 0.0, 1.815, 1.815 ] }
					},
					"children": [
						{
							"name": "wire2",
							"from": [ -0.242, 0.121, 0.605 ], 
							"to": [ 0.0, 2.299, 1.21 ], 
							"rotationOrigin": [ -0.242, 0.121, 0.605 ],
							"faces": {
								"north": { "texture": "#red", "uv": [ 0.0, 0.0, 0.605, 1.815 ] },
								"east": { "texture": "#red", "uv": [ 0.0, 0.0, 0.605, 1.815 ] },
								"south": { "texture": "#red", "uv": [ 0.0, 0.0, 0.605, 1.815 ] },
								"west": { "texture": "#red", "uv": [ 0.0, 0.0, 0.605, 1.815 ] },
								"up": { "texture": "#red", "uv": [ 0.0, 0.0, 0.605, 0.605 ] },
								"down": { "texture": "#red", "uv": [ 0.0, 0.0, 0.605, 0.605 ] }
							}
						},
						{
							"name": "wire",
							"from": [ 1.815, 0.121, 0.605 ], 
							"to": [ 2.057, 2.299, 1.21 ], 
							"rotationOrigin": [ 1.815, 0.121, 0.605 ],
							"faces": {
								"north": { "texture": "#black", "uv": [ 0.0, 0.0, 0.605, 1.815 ] },
								"east": { "texture": "#black", "uv": [ 0.0, 0.0, 0.605, 1.815 ] },
								"south": { "texture": "#black", "uv": [ 0.0, 0.0, 0.605, 1.815 ] },
								"west": { "texture": "#black", "uv": [ 0.0, 0.0, 0.605, 1.815 ] },
								"up": { "texture": "#black", "uv": [ 0.0, 0.0, 0.605, 0.605 ] },
								"down": { "texture": "#black", "uv": [ 0.0, 0.0, 0.605, 0.605 ] }
							}
						},
						{
							"name": "Filiment",
							"from": [ 0.484, 3.146, 0.484 ], 
							"to": [ 1.331, 4.356, 1.331 ], 
							"rotationOrigin": [ 0.484, 3.146, 0.484 ],
							"faces": {
								"north": { "texture": "#glow1", "uv": [ 0.0, 0.0, 0.605, 1.21 ], "glow": 200 },
								"east": { "texture": "#glow1", "uv": [ 0.0, 0.0, 0.605, 1.21 ], "glow": 200 },
								"south": { "texture": "#glow1", "uv": [ 0.0, 0.0, 0.605, 1.21 ], "glow": 200 },
								"west": { "texture": "#glow1", "uv": [ 0.0, 0.0, 0.605, 1.21 ], "glow": 200 },
								"up": { "texture": "#glow1", "uv": [ 0.0, 0.0, 0.605, 0.605 ], "glow": 200 },
								"down": { "texture": "#glow1", "uv": [ 0.0, 0.0, 0.605, 0.605 ], "glow": 200 }
							},
							"children": [
								{
									"name": "Bulb",
									"from": [ -0.847, 0.0, -0.847 ], 
									"to": [ 1.694, 2.42, 1.694 ], 
									"renderPass": 3,
									"rotationOrigin": [ -0.847, 0.0, -0.847 ],
									"faces": {
										"north": { "texture": "#glass1", "uv": [ 0.0, 0.0, 2.42, 2.42 ] },
										"east": { "texture": "#glass1", "uv": [ 0.0, 0.0, 2.42, 2.42 ] },
										"south": { "texture": "#glass1", "uv": [ 0.0, 0.0, 2.42, 2.42 ] },
										"west": { "texture": "#glass1", "uv": [ 0.0, 0.0, 2.42, 2.42 ] },
										"up": { "texture": "#glass1", "uv": [ 0.0, 0.0, 2.42, 2.42 ] },
										"down": { "texture": "#glass1", "uv": [ 0.0, 0.0, 2.42, 2.42 ] }
									}
								}
							]
						}
					]
				},
				{
					"name": "Cube1",
					"from": [ -0.121, 1.089, -0.121 ], 
					"to": [ 0.484, 8.349, 0.484 ], 
					"rotationOrigin": [ -0.121, 1.089, -0.121 ],
					"faces": {
						"north": { "texture": "#molybdochalkos", "uv": [ 0.0, 0.0, 0.605, 7.26 ] },
						"east": { "texture": "#molybdochalkos", "uv": [ 0.0, 0.0, 0.605, 7.26 ] },
						"south": { "texture": "#molybdochalkos", "uv": [ 0.0, 0.0, 0.605, 7.26 ] },
						"west": { "texture": "#molybdochalkos", "uv": [ 0.0, 0.0, 0.605, 7.26 ] },
						"up": { "texture": "#molybdochalkos", "uv": [ 0.0, 0.0, 0.605, 0.605 ] },
						"down": { "texture": "#molybdochalkos", "uv": [ 0.0, 0.0, 0.605, 0.605 ] }
					}
				},
				{
					"name": "Cube8",
					"from": [ 5.566, 1.089, -0.121 ], 
					"to": [ 6.171, 8.349, 0.484 ], 
					"rotationOrigin": [ 5.566, 1.089, -0.121 ],
					"faces": {
						"north": { "texture": "#molybdochalkos", "uv": [ 0.0, 0.0, 0.605, 7.26 ] },
						"east": { "texture": "#molybdochalkos", "uv": [ 0.0, 0.0, 0.605, 7.26 ] },
						"south": { "texture": "#molybdochalkos", "uv": [ 0.0, 0.0, 0.605, 7.26 ] },
						"west": { "texture": "#molybdochalkos", "uv": [ 0.0, 0.0, 0.605, 7.26 ] },
						"up": { "texture": "#molybdochalkos", "uv": [ 0.0, 0.0, 0.605, 0.605 ] },
						"down": { "texture": "#molybdochalkos", "uv": [ 0.0, 0.0, 0.605, 0.605 ] }
					}
				},
				{
					"name": "Cube9",
					"from": [ -0.121, 1.089, 5.566 ], 
					"to": [ 0.484, 8.349, 6.171 ], 
					"rotationOrigin": [ -0.121, 1.089, 5.566 ],
					"faces": {
						"north": { "texture": "#molybdochalkos", "uv": [ 0.0, 0.0, 0.605, 7.26 ] },
						"east": { "texture": "#molybdochalkos", "uv": [ 0.0, 0.0, 0.605, 7.26 ] },
						"south": { "texture": "#molybdochalkos", "uv": [ 0.0, 0.0, 0.605, 7.26 ] },
						"west": { "texture": "#molybdochalkos", "uv": [ 0.0, 0.0, 0.605, 7.26 ] },
						"up": { "texture": "#molybdochalkos", "uv": [ 0.0, 0.0, 0.605, 0.605 ] },
						"down": { "texture": "#molybdochalkos", "uv": [ 0.0, 0.0, 0.605, 0.605 ] }
					}
				},
				{
					"name": "Cube10",
					"from": [ 5.566, 1.089, 5.566 ], 
					"to": [ 6.171, 8.349, 6.171 ], 
					"rotationOrigin": [ 5.566, 1.089, 5.566 ],
					"faces": {
						"north": { "texture": "#molybdochalkos", "uv": [ 0.0, 0.0, 0.605, 7.26 ] },
						"east": { "texture": "#molybdochalkos", "uv": [ 0.0, 0.0, 0.605, 7.26 ] },
						"south": { "texture": "#molybdochalkos", "uv": [ 0.0, 0.0, 0.605, 7.26 ] },
						"west": { "texture": "#molybdochalkos", "uv": [ 0.0, 0.0, 0.605, 7.26 ] },
						"up": { "texture": "#molybdochalkos", "uv": [ 0.0, 0.0, 0.605, 0.605 ] },
						"down": { "texture": "#molybdochalkos", "uv": [ 0.0, 0.0, 0.605, 0.605 ] }
					}
				},
				{
					"name": "Cube11",
					"from": [ 0.0, 8.349, 0.0 ], 
					"to": [ 6.05, 9.317, 6.05 ], 
					"rotationOrigin": [ 0.0, 8.349, 0.0 ],
					"faces": {
						"north": { "texture": "#molybdochalkos", "uv": [ 0.0, 0.0, 6.05, 0.605 ] },
						"east": { "texture": "#molybdochalkos", "uv": [ 0.0, 0.0, 6.05, 0.605 ] },
						"south": { "texture": "#molybdochalkos", "uv": [ 0.0, 0.0, 6.05, 0.605 ] },
						"west": { "texture": "#molybdochalkos", "uv": [ 0.0, 0.0, 6.05, 0.605 ] },
						"up": { "texture": "#molybdochalkos", "uv": [ 0.0, 0.0, 6.05, 6.05 ] },
						"down": { "texture": "#molybdochalkos", "uv": [ 0.0, 0.0, 6.05, 6.05 ] }
					},
					"children": [
						{
							"name": "Cube21",
							"from": [ 0.363, 0.968, 0.363 ], 
							"to": [ 5.687, 1.21, 5.687 ], 
							"rotationOrigin": [ 0.363, 0.968, 0.363 ],
							"faces": {
								"north": { "texture": "#molybdochalkos", "uv": [ 0.0, 0.0, 4.84, 0.605 ] },
								"east": { "texture": "#molybdochalkos", "uv": [ 0.0, 0.0, 4.84, 0.605 ] },
								"south": { "texture": "#molybdochalkos", "uv": [ 0.0, 0.0, 4.84, 0.605 ] },
								"west": { "texture": "#molybdochalkos", "uv": [ 0.0, 0.0, 4.84, 0.605 ] },
								"up": { "texture": "#molybdochalkos", "uv": [ 0.0, 0.0, 4.84, 4.84 ] },
								"down": { "texture": "#molybdochalkos", "uv": [ 0.0, 0.0, 4.84, 4.84 ] }
							}
						}
					]
				},
				{
					"name": "Cube12",
					"from": [ 0.0, 4.598, 0.0 ], 
					"to": [ 6.05, 5.203, 0.242 ], 
					"rotationOrigin": [ 0.0, 4.598, 0.0 ],
					"faces": {
						"north": { "texture": "#molybdochalkos", "uv": [ 0.0, 0.0, 6.05, 0.605 ] },
						"east": { "texture": "#molybdochalkos", "uv": [ 0.0, 0.0, 0.605, 0.605 ] },
						"south": { "texture": "#molybdochalkos", "uv": [ 0.0, 0.0, 6.05, 0.605 ] },
						"west": { "texture": "#molybdochalkos", "uv": [ 0.0, 0.0, 0.605, 0.605 ] },
						"up": { "texture": "#molybdochalkos", "uv": [ 0.0, 0.0, 6.05, 0.605 ] },
						"down": { "texture": "#molybdochalkos", "uv": [ 0.0, 0.0, 6.05, 0.605 ] }
					},
					"children": [
						{
							"name": "Cube17",
							"from": [ 3.025, 3.993, 0.121 ], 
							"to": [ 10.89, 4.719, 0.363 ], 
							"rotationOrigin": [ 3.025, 4.356, 0.121 ],
							"rotationZ": -90.0,
							"faces": {
								"north": { "texture": "#molybdochalkos", "uv": [ 0.0, 0.0, 7.865, 0.605 ] },
								"east": { "texture": "#molybdochalkos", "uv": [ 0.0, 0.0, 0.605, 0.605 ] },
								"south": { "texture": "#molybdochalkos", "uv": [ 0.0, 0.0, 7.865, 0.605 ] },
								"west": { "texture": "#molybdochalkos", "uv": [ 0.0, 0.0, 0.605, 0.605 ] },
								"up": { "texture": "#molybdochalkos", "uv": [ 0.0, 0.0, 7.865, 0.605 ] },
								"down": { "texture": "#molybdochalkos", "uv": [ 0.0, 0.0, 7.865, 0.605 ] }
							}
						}
					]
				},
				{
					"name": "Cube13",
					"from": [ 0.0, 4.598, 5.808 ], 
					"to": [ 6.05, 5.203, 6.05 ], 
					"rotationOrigin": [ 0.0, 4.598, 5.808 ],
					"faces": {
						"north": { "texture": "#molybdochalkos", "uv": [ 0.0, 0.0, 6.05, 0.605 ] },
						"east": { "texture": "#molybdochalkos", "uv": [ 0.0, 0.0, 0.605, 0.605 ] },
						"south": { "texture": "#molybdochalkos", "uv": [ 0.0, 0.0, 6.05, 0.605 ] },
						"west": { "texture": "#molybdochalkos", "uv": [ 0.0, 0.0, 0.605, 0.605 ] },
						"up": { "texture": "#molybdochalkos", "uv": [ 0.0, 0.0, 6.05, 0.605 ] },
						"down": { "texture": "#molybdochalkos", "uv": [ 0.0, 0.0, 6.05, 0.605 ] }
					},
					"children": [
						{
							"name": "Cube18",
							"from": [ 3.025, 3.993, -0.121 ], 
							"to": [ 10.89, 4.719, 0.121 ], 
							"rotationOrigin": [ 3.025, 4.356, -0.121 ],
							"rotationZ": -89.99997456787236,
							"faces": {
								"north": { "texture": "#molybdochalkos", "uv": [ 0.0, 0.0, 7.865, 0.605 ] },
								"east": { "texture": "#molybdochalkos", "uv": [ 0.0, 0.0, 0.605, 0.605 ] },
								"south": { "texture": "#molybdochalkos", "uv": [ 0.0, 0.0, 7.865, 0.605 ] },
								"west": { "texture": "#molybdochalkos", "uv": [ 0.0, 0.0, 0.605, 0.605 ] },
								"up": { "texture": "#molybdochalkos", "uv": [ 0.0, 0.0, 7.865, 0.605 ] },
								"down": { "texture": "#molybdochalkos", "uv": [ 0.0, 0.0, 7.865, 0.605 ] }
							}
						}
					]
				},
				{
					"name": "Cube14",
					"from": [ 0.363, 4.598, 0.0 ], 
					"to": [ 6.413, 5.203, 0.242 ], 
					"rotationOrigin": [ 0.363, 4.598, 0.0 ],
					"rotationY": -90.0,
					"faces": {
						"north": { "texture": "#molybdochalkos", "uv": [ 0.0, 0.0, 6.05, 0.605 ] },
						"east": { "texture": "#molybdochalkos", "uv": [ 0.0, 0.0, 0.605, 0.605 ] },
						"south": { "texture": "#molybdochalkos", "uv": [ 0.0, 0.0, 6.05, 0.605 ] },
						"west": { "texture": "#molybdochalkos", "uv": [ 0.0, 0.0, 0.605, 0.605 ] },
						"up": { "texture": "#molybdochalkos", "uv": [ 0.0, 0.0, 6.05, 0.605 ] },
						"down": { "texture": "#molybdochalkos", "uv": [ 0.0, 0.0, 6.05, 0.605 ] }
					},
					"children": [
						{
							"name": "Cube19",
							"from": [ 3.025, 3.993, -5.566 ], 
							"to": [ 10.89, 4.719, -5.324 ], 
							"rotationOrigin": [ 3.025, 4.356, -5.566 ],
							"rotationZ": -90.0,
							"faces": {
								"north": { "texture": "#molybdochalkos", "uv": [ 0.0, 0.0, 7.865, 0.605 ] },
								"east": { "texture": "#molybdochalkos", "uv": [ 0.0, 0.0, 0.605, 0.605 ] },
								"south": { "texture": "#molybdochalkos", "uv": [ 0.0, 0.0, 7.865, 0.605 ] },
								"west": { "texture": "#molybdochalkos", "uv": [ 0.0, 0.0, 0.605, 0.605 ] },
								"up": { "texture": "#molybdochalkos", "uv": [ 0.0, 0.0, 7.865, 0.605 ] },
								"down": { "texture": "#molybdochalkos", "uv": [ 0.0, 0.0, 7.865, 0.605 ] }
							}
						}
					]
				},
				{
					"name": "Cube15",
					"from": [ 6.05, 4.598, 0.0 ], 
					"to": [ 12.1, 5.203, 0.242 ], 
					"rotationOrigin": [ 6.05, 4.598, 0.0 ],
					"rotationY": -90.0,
					"faces": {
						"north": { "texture": "#molybdochalkos", "uv": [ 0.0, 0.0, 6.05, 0.605 ] },
						"east": { "texture": "#molybdochalkos", "uv": [ 0.0, 0.0, 0.605, 0.605 ] },
						"south": { "texture": "#molybdochalkos", "uv": [ 0.0, 0.0, 6.05, 0.605 ] },
						"west": { "texture": "#molybdochalkos", "uv": [ 0.0, 0.0, 0.605, 0.605 ] },
						"up": { "texture": "#molybdochalkos", "uv": [ 0.0, 0.0, 6.05, 0.605 ] },
						"down": { "texture": "#molybdochalkos", "uv": [ 0.0, 0.0, 6.05, 0.605 ] }
					},
					"children": [
						{
							"name": "Cube20",
							"from": [ 3.025, 3.993, 5.566 ], 
							"to": [ 10.89, 4.719, 5.808 ], 
							"rotationOrigin": [ 3.025, 4.356, 5.566 ],
							"rotationZ": -90.0,
							"faces": {
								"north": { "texture": "#molybdochalkos", "uv": [ 0.0, 0.0, 7.865, 0.605 ] },
								"east": { "texture": "#molybdochalkos", "uv": [ 0.0, 0.0, 0.605, 0.605 ] },
								"south": { "texture": "#molybdochalkos", "uv": [ 0.0, 0.0, 7.865, 0.605 ] },
								"west": { "texture": "#molybdochalkos", "uv": [ 0.0, 0.0, 0.605, 0.605 ] },
								"up": { "texture": "#molybdochalkos", "uv": [ 0.0, 0.0, 7.865, 0.605 ] },
								"down": { "texture": "#molybdochalkos", "uv": [ 0.0, 0.0, 7.865, 0.605 ] }
							}
						}
					]
				},
				{
					"name": "glass1",
					"from": [ 0.726, 1.21, 5.687 ], 
					"to": [ 1.089, 8.47, 11.011 ], 
					"renderPass": 3,
					"rotationOrigin": [ 0.726, 1.21, 5.687 ],
					"rotationY": -180.0,
					"faces": {
						"north": { "texture": "#glass2", "uv": [ 0.0, 0.0, 0.605, 7.26 ] },
						"east": { "texture": "#glass2", "uv": [ 0.0, 0.0, 4.84, 7.26 ] },
						"south": { "texture": "#glass2", "uv": [ 0.0, 0.0, 0.605, 7.26 ] },
						"west": { "texture": "#glass2", "uv": [ 0.0, 0.0, 4.84, 7.26 ] },
						"up": { "texture": "#glass2", "uv": [ 0.0, 0.0, 0.605, 4.84 ] },
						"down": { "texture": "#glass2", "uv": [ 0.0, 0.0, 0.605, 4.84 ] }
					}
				},
				{
					"name": "glass2",
					"from": [ 5.445, 1.21, 0.363 ], 
					"to": [ 5.808, 8.47, 5.687 ], 
					"renderPass": 3,
					"rotationOrigin": [ 5.445, 1.21, 0.363 ],
					"faces": {
						"north": { "texture": "#glass2", "uv": [ 0.0, 0.0, 0.605, 7.26 ] },
						"east": { "texture": "#glass2", "uv": [ 0.0, 0.0, 4.84, 7.26 ] },
						"south": { "texture": "#glass2", "uv": [ 0.0, 0.0, 0.605, 7.26 ] },
						"west": { "texture": "#glass2", "uv": [ 0.0, 0.0, 4.84, 7.26 ] },
						"up": { "texture": "#glass2", "uv": [ 0.0, 0.0, 0.605, 4.84 ] },
						"down": { "texture": "#glass2", "uv": [ 0.0, 0.0, 0.605, 4.84 ] }
					}
				},
				{
					"name": "glass3",
					"from": [ 0.363, 1.21, 0.605 ], 
					"to": [ 0.726, 8.47, 5.929 ], 
					"renderPass": 3,
					"rotationOrigin": [ 0.363, 1.21, 0.605 ],
					"rotationY": 90.0,
					"faces": {
						"north": { "texture": "#glass2", "uv": [ 0.0, 0.0, 0.605, 7.26 ] },
						"east": { "texture": "#glass2", "uv": [ 0.0, 0.0, 4.84, 7.26 ] },
						"south": { "texture": "#glass2", "uv": [ 0.0, 0.0, 0.605, 7.26 ] },
						"west": { "texture": "#glass2", "uv": [ 0.0, 0.0, 4.84, 7.26 ] },
						"up": { "texture": "#glass2", "uv": [ 0.0, 0.0, 0.605, 4.84 ] },
						"down": { "texture": "#glass2", "uv": [ 0.0, 0.0, 0.605, 4.84 ] }
					}
				},
				{
					"name": "glass4",
					"from": [ 5.687, 1.21, 5.687 ], 
					"to": [ 5.808, 8.47, 11.011 ], 
					"renderPass": 3,
					"rotationOrigin": [ 5.687, 1.21, 5.687 ],
					"rotationY": -90.0,
					"faces": {
						"north": { "texture": "#glass2", "uv": [ 0.0, 0.0, 0.605, 7.26 ] },
						"east": { "texture": "#glass2", "uv": [ 0.0, 0.0, 4.84, 7.26 ] },
						"south": { "texture": "#glass2", "uv": [ 0.0, 0.0, 0.605, 7.26 ] },
						"west": { "texture": "#glass2", "uv": [ 0.0, 0.0, 4.84, 7.26 ] },
						"up": { "texture": "#glass2", "uv": [ 0.0, 0.0, 0.605, 4.84 ] },
						"down": { "texture": "#glass2", "uv": [ 0.0, 0.0, 0.605, 4.84 ] }
					}
				}
			]
		}
	]}