{
	"editor": {
		"allAngles": false,
		"entityTextureMode": false
	},
	"textureWidth": 16,
	"textureHeight": 16,
	"textureSizes": {
		"coil": [8,8],
		"glass1": [16,16],
		"glow1": [16,16],
		"bronze1": [16,16]
	},
	"textures": {
		"coil": "item/coil",
		"iron": "game:block/metal/anvil/iron",
		"glow2": "item/glow2",
		"glass5": "item/glass5",
		"floor-inside": "game:block/wood/crate/floor-inside"
	},
	"elements": [
		{
			"name": "Origin",
			"from": [ 10.9, -2.0, 10.9 ], 
			"to": [ 10.9, -2.0, 10.9 ], 
			"rotationOrigin": [ 11.584, -2.306, 11.764 ],
			"faces": {
				"north": { "texture": "#poles", "uv": [ 0.0, 0.0, 0.5, 0.5 ], "enabled": false },
				"east": { "texture": "#poles", "uv": [ 0.0, 0.0, 0.5, 0.5 ], "enabled": false },
				"south": { "texture": "#poles", "uv": [ 0.0, 0.0, 0.5, 0.5 ], "enabled": false },
				"west": { "texture": "#poles", "uv": [ 0.0, 0.0, 0.5, 0.5 ], "enabled": false },
				"up": { "texture": "#poles", "uv": [ 0.0, 0.0, 0.5, 0.5 ], "enabled": false },
				"down": { "texture": "#poles", "uv": [ 0.0, 0.0, 0.5, 0.5 ], "enabled": false }
			},
			"children": [
				{
					"name": "handle 1",
					"from": [ -4.0051, 9.8615, -4.0051 ], 
					"to": [ -1.8029, 12.0395, -1.8029 ], 
					"rotationOrigin": [ -2.4321, 9.8615, -2.4321 ],
					"faces": {
						"north": { "texture": "#coil", "uv": [ 4.0, 1.5, 6.1175, 3.6175 ] },
						"east": { "texture": "#coil", "uv": [ 4.5, 1.0, 6.6175, 3.1175 ] },
						"south": { "texture": "#coil", "uv": [ 0.75, 1.0, 2.8675, 3.1175 ] },
						"west": { "texture": "#coil", "uv": [ 1.0, 1.0, 3.1175, 3.1175 ] },
						"up": { "texture": "#coil", "uv": [ 3.25, 1.75, 5.3675, 3.8675 ] },
						"down": { "texture": "#coil", "uv": [ 0.75, 5.5, 2.8675, 7.6175 ] }
					}
				},
				{
					"name": "Cube13",
					"from": [ -3.3759, 12.3662, -3.3759 ], 
					"to": [ -2.4321, 13.9392, -2.4321 ], 
					"rotationOrigin": [ -3.3759, 12.3662, -3.3759 ],
					"faces": {
						"north": { "texture": "#glow2", "uv": [ 10.5, 9.0, 12.0125, 9.9075 ], "rotation": 90 },
						"east": { "texture": "#glow2", "uv": [ 10.5, 9.0, 12.0125, 9.9075 ], "rotation": 90 },
						"south": { "texture": "#glow2", "uv": [ 10.5, 9.0, 12.0125, 9.9075 ], "rotation": 90, "glow": 255 },
						"west": { "texture": "#glow2", "uv": [ 10.5, 9.0, 12.0125, 9.9075 ], "rotation": 90 },
						"up": { "texture": "#glow2", "uv": [ 3.0, 0.0, 3.9075, 0.9075 ] },
						"down": { "texture": "#glow2", "uv": [ 0.0, 0.0, 0.9075, 0.9075 ] }
					},
					"children": [
						{
							"name": "bulb",
							"from": [ -0.4719, 0.0121, -0.4719 ], 
							"to": [ 1.4157, 2.8435, 1.4157 ], 
							"renderPass": 3,
							"rotationOrigin": [ -0.4719, 0.0, -0.4719 ],
							"faces": {
								"north": { "texture": "#glass5", "uv": [ 3.5, 9.75, 5.315, 12.4725 ] },
								"east": { "texture": "#glass5", "uv": [ 6.25, 7.0, 8.065, 9.7225 ] },
								"south": { "texture": "#glass5", "uv": [ 6.75, 6.5, 8.565, 9.2225 ] },
								"west": { "texture": "#glass5", "uv": [ 7.25, 6.75, 9.065, 9.4725 ] },
								"up": { "texture": "#glass5", "uv": [ 6.5, 5.0, 8.315, 6.815 ] },
								"down": { "texture": "#glass5", "uv": [ 11.5, 12.0, 13.315, 13.815 ] }
							},
							"children": [
								{
									"name": "Cube25",
									"from": [ 0.4719, 2.8314, 0.4719 ], 
									"to": [ 1.4157, 3.146, 1.4157 ], 
									"renderPass": 3,
									"rotationOrigin": [ 0.4719, 2.8314, 0.4719 ],
									"faces": {
										"north": { "texture": "#glass5", "uv": [ 9.0, 3.5, 9.7865, 3.8933 ] },
										"east": { "texture": "#glass5", "uv": [ 3.5, 8.0, 4.2865, 8.3933 ] },
										"south": { "texture": "#glass5", "uv": [ 3.0, 6.5, 3.7865, 6.8933 ] },
										"west": { "texture": "#glass5", "uv": [ 8.0, 4.0, 8.7865, 4.3933 ] },
										"up": { "texture": "#glass5", "uv": [ 0.5, 11.5, 1.2865, 12.2865 ] },
										"down": { "texture": "#glass5", "uv": [ 6.5, 8.5, 7.2865, 9.2865 ] }
									}
								}
							]
						}
					]
				},
				{
					"name": "handle 6",
					"from": [ -3.6905, 2.0, -3.6905 ], 
					"to": [ -2.1175, 8.107, -2.1175 ], 
					"rotationOrigin": [ -2.2385, 2.0, -2.2385 ],
					"faces": {
						"north": { "texture": "#floor-inside", "uv": [ 5.5, 6.0, 7.0, 12.0 ] },
						"east": { "texture": "#floor-inside", "uv": [ 6.0, 5.5, 7.5, 11.5 ] },
						"south": { "texture": "#floor-inside", "uv": [ 4.0, 6.5, 5.5, 12.5 ] },
						"west": { "texture": "#floor-inside", "uv": [ 6.0, 4.0, 7.5, 10.0 ] },
						"up": { "texture": "#floor-inside", "uv": [ 5.5, 7.0, 7.0, 8.5 ] },
						"down": { "texture": "#floor-inside", "uv": [ 5.5, 6.0, 7.0, 7.5 ] }
					}
				},
				{
					"name": "handle 7",
					"from": [ -3.8115, 8.1191, -3.8115 ], 
					"to": [ -1.9965, 9.3775, -1.9965 ], 
					"rotationOrigin": [ -2.2748, 8.1191, -2.2748 ],
					"faces": {
						"north": { "texture": "#floor-inside", "uv": [ 5.0, 1.5, 6.815, 2.71 ] },
						"east": { "texture": "#floor-inside", "uv": [ 3.5, 2.5, 5.315, 3.71 ] },
						"south": { "texture": "#floor-inside", "uv": [ 1.0, 4.0, 2.815, 5.21 ] },
						"west": { "texture": "#floor-inside", "uv": [ 1.5, 2.5, 3.315, 3.71 ] },
						"up": { "texture": "#floor-inside", "uv": [ 3.5, 2.0, 5.315, 3.815 ] },
						"down": { "texture": "#floor-inside", "uv": [ 1.0, 5.5, 2.815, 7.315 ] }
					}
				},
				{
					"name": "handle 8",
					"from": [ -3.8478, 9.317, -3.8478 ], 
					"to": [ -1.9602, 12.3904, -1.9602 ], 
					"rotationOrigin": [ -2.2748, 9.3291, -2.2748 ],
					"faces": {
						"north": { "texture": "#iron", "uv": [ 4.0, 1.5, 5.815, 4.525 ] },
						"east": { "texture": "#iron", "uv": [ 4.5, 1.0, 6.315, 4.025 ] },
						"south": { "texture": "#iron", "uv": [ 1.0, 1.0, 2.815, 4.025 ] },
						"west": { "texture": "#iron", "uv": [ 1.0, 1.0, 2.815, 4.025 ] },
						"up": { "texture": "#iron", "uv": [ 3.5, 2.0, 5.315, 3.815 ] },
						"down": { "texture": "#iron", "uv": [ 1.0, 5.5, 2.815, 7.315 ] }
					}
				}
			]
		}
	]}