{
	code: "electricsword",
	damagedby: ["blockbreaking", "attacking"],
	tool: "sword",
	attributes: {
		handbook: {
			groupBy: ["electricsword"]
		}
	},
		toolrackTransformByType: {
			"*":
				{
					rotation: { x: 1, y: 0, z: -180 },
					origin: { x: 0.5, y: 0.23, z: 0.5 },
					scale: 1.6
				}
	},
	shape: { base: "item/electricsword" },
	heldTpHitAnimation: "longbladehit",
	attackRange: 3.5,
	tooltier: 4,
	miningspeed: {
			"wood": 2,
			"leaves": 1.4
		},
	attackpower: 5,
	durability: 1250,
	creativeinventory: { "general": ["*"], "items": ["*"], "tools": ["*"] },
	fpHandTransform: {
		translation: { x: 0.43, y: 1.35, z: 0 },
		rotation: { x: -168, y: -180, z: -90 },
		origin: { x: 1, y: -0.24, z: 0.8 },
		scale: 2.88
	},
	groundTransform: {
		translation: { x: 0, y: 0, z: 0 },
		rotation: { x: 180, y: 0, z: 0 },
		origin: { x: 0.5, y: 0.1, z: 0.5299 },
		scale: 5
	},
	tpHandTransform: {
		translation: { x: 0.05, y: -0.5, z: -0.05 },
		rotation: { x: 90, y: 0, z: 0 },
		origin: { x: 0, y: 0, z: 0 },
		scale: 1
	},
		guiTransform: {
		translation: { x: 0, y: 0, z: 0 },
		rotation: { x: -50, y: 59, z: 12 },
		origin: { x: 1.75, y: 1.05, z: 0 },
		scale: 1.7
	}
}