{
	code: "glove",
	tool: "pickaxe",
	attributes: {
		handbook: {
			groupBy: ["glove"]
		}
	},
		toolrackTransformByType: {
			"*":
				{
					rotation: { x: 0, y: -90, z: -180 },
					origin: { x: 0.53, y: 0.3, z: 0.5 }
				}
	},
	shape: { base: "item/glove" },
	creativeinventory: { "general": ["*"], "items": ["*"], "tools": ["*"] },
	damagedby: ["blockbreaking", "attacking"],
	miningtierbytype: {
		"*": 5
	},
	miningspeedbytype: {
		"*": {
			"stone": 15,
			"ore": 15,
			"metal": 15,
			"ice": 8,
			"soil": 13,
			"sand": 13,
			"gravel": 13,
			"snow": 11,
			"wood": 9,
			"plant": 6,
			"leaves": 4
		}
	},
	attacktierbytype: {
		"*": 3
	},
	attackpowerbytype: {
		"*": 3.5
	},
	durabilitybytype: {
		"*": 1700
	},
	attackRange: 1.5,
	tpHandTransform: {
		translation: { x: -1.1, y: -0.65, z: -0.8 },
		rotation: { x: -90, y: 0, z: -90 },
		scale: 0.62
	},
	fpHandTransform: {
		translation: { x: 0.15, y: 0.1, z: 0.1 },
		rotation: { x: 10, y: -180, z: 0 },
		scale: 2.27
	},
	guiTransform: {
		rotation: { x: -37, y: -35, z: 180 },
		origin: { x: 0.5, y: 0.2, z: 0.6 },
		scale: 2
	},
	groundTransform: {
		translation: { x: 0, y: 0, z: 0 },
		rotation: { x: 0, y: 0, z: 0 },
		origin: { x: 0.5, y: 0, z: 0.5299 },
		scale: 3.65
	},
	heldSounds: {
		"idle": "TS1",
		"equip": "silence",
		"unequip": "silence",
		"attack": "silence"
	}
}