{
	code: "stoneroad3slab",
	shapeByType: { 
		"*-snow": {base: "block/roads/slab-snow-lowered" },
		"*": {base: "block/roads/slab-lowered" },
	},
	creativeinventory: { "general": ["*-free"], "construction": ["*-free"] },
	blockmaterial: "Stone",
	replaceable: 900,
	lightAbsorption: 0,
	lightHsv: [32, 7, 6],
	glowLevel: 32,
	variantgroups: [
		{code: "type", states: ["andesite", "basalt", "bauxite", "chalk", "chert", "claystone", "conglomerate", "granite", "limestone", "peridotite", "phyllite", "sandstone", "shale", "slate"] },
		{ code: "cover", states: ["free", "snow"] },
	],
	textures: {
		all: { 
			base: "block/road/ancientroad{type}1",
			overlays: ["block/road/temporaloverlaytop"],
			alternates: [
			{base: "block/road/ancientroad{type}2",
			overlays: ["block/road/temporaloverlaytop"],},
			{base: "block/road/ancientroad{type}3",
			overlays: ["block/road/temporaloverlaytop"],},
			{base: "block/road/ancientroad{type}4",
			overlays: ["block/road/temporaloverlaytop"],},
			],		
		},
	},
	drops: [{ code: "stoneroad3slab-{type}-free" }],
	resistance: 2.4,
	walkspeedmultiplier: 2,
	sideopaque: {
		all: false,
		down: true
	},
	sidesolid: {
		all: false,
		down: true
	},
	selectionbox: { x1: 0, y1: 0, z1:0, x2: 1, y2: 0.5, z2: 1 },
	collisionbox: { x1: 0, y1: 0, z1:0, x2: 1, y2: 0.5, z2: 1 },
	heldTpIdleAnimation: "holdbothhandslarge", heldTpUseAnimation: "twohandplaceblock",
	tpHandTransform: {
		translation: { x: -1.2, y: -1.1, z: -0.8 },
		rotation: { x: -2, y: 25, z: -78 },
		scale: 0.37
	},
	sounds: {
		walk: "game:walk/stone",
		byTool: {
			"Pickaxe": { hit: "game:block/rock-hit-pickaxe", break: "game:block/rock-break-pickaxe" }
		}
	},
}