{
	code: "branchcutter",
	class: "branchcutter", 
	shape: { base: "item/branchcutter" },
	creativeinventory: { "general": ["*"], "items": ["*"], "tools": ["*"]},
	attributes: {
		handbook: {
			groupBy: ["branchcutter-*"]
		},
		rackable: true,
		toolrackTransform: {
			rotation: { y: 90 },
			translation: { x: -0.1, y: 0.59 },
			scale: 1.25,
		}
	},
	
	variantgroups: [
		{ code: "metal", states: ["copper", "tinbronze", "bismuthbronze", "blackbronze", "iron" ] },
	],
	textures: {
		"metal": { base: "game:block/metal/ingot/{metal}" }
	},
	
	damagedby: ["blockbreaking", "attacking"],
	
	attackpowerbytype: {
		"branchcutter-copper": 1.25,
		"branchcutter-bismuthbronze": 1.5,
		"branchcutter-tinbronze": 1.75,
		"branchcutter-blackbronze": 2,
		"branchcutter-iron": 2.25
	},

	durabilitybytype: {
		"branchcutter-copper": 150,
		"branchcutter-tinbronze": 300,
		"branchcutter-bismuthbronze": 350,
		"branchcutter-blackbronze": 450,
		"branchcutter-iron": 600
	},
	
	guiTransform: {
		translation: { x: 0, y: -3, z: 0 },
		rotation: { x: -89, y: 47, z: 33 },
		origin: { x: 0.59, y: 0, z: 0.44 },
		scale: 1.75
	},
	fpHandTransform: {
		translation: { x: -0.2, y: -0.2, z: 0 },
		rotation: { x: 15, y: 15, z: 90 },
		scale: 2.45
	},
	groundTransform: {
		translation: { x: 0, y: 0, z: 0 },
		rotation: { x: 0, y: 0, z: 0 },
		origin: { x: 0.5, y: 0, z: 0.5 },
		scale: 3.4
	},
	tpHandTransform: {
		translation: { x: -1.07, y: -0.01, z: -0.56 },
		rotation: { x: -81, y: -102, z: 0 },
		origin: { x: 0.5, y: 0, z: 0.5 },
		scale: 0.8
	}
}