[
  {
    "op": "add",
    "path": "/attributes/blockDiet",
    "value": [
        "crop-cabbage*",
        "crop-carrot*",
        "crop-flax*",
        "crop-parsnip*",
        "crop-rye*",
        "crop-soybean*",
        "crop-spelt*",
        "crop-turnip*",
        "Berry",
        "Honey"
      ],
    "file": "game:entities/land/pig-wild-piglet.json"
  },
  {
    "op": "add",
    "path": "/attributes/maxSaturation",
    "value": 20,
    "file": "game:entities/land/pig-wild-piglet.json"
  },
  {
    "op": "add",
    "path": "/client/behaviors/-",
    "value": {
      "code": "consume"
    },
    "file": "game:entities/land/pig-wild-piglet.json"
  },

  {
    "op": "add",
    "path": "/server/behaviors/-",
    "value": {
      "code": "consume",
      "poopCodes": [
        "farmlife:poop-small"
      ]
    },
    "file": "game:entities/land/pig-wild-piglet.json"
  },

  {
    "op": "replace",
    "path": "/server/behaviors/9",
    "value": {
      "code": "foodgrow",
      "hoursToGrow": 384,
      "adultEntityCodes": [
        "pig-wild-female",
        "pig-wild-female",
        "pig-wild-female",
        "pig-wild-male"
      ]
    },
    "file": "game:entities/land/pig-wild-piglet.json"
  },
  {
    "op": "add",
    "path": "/server/behaviors/10/aitasks/-",
    "value": {
      "code": "seekfoodandeat",
      "movespeed": 0.01,
      "priority": 1.5,
      "eatLooseItems": true,
      "eatItemCategories": [
        "Grain",
        "Fruit",
        "Vegetable",
        "Dairy",
        "Protein"
      ],
      "eatItemCodes": [
        "game:drygrass",
        "game:rot",
        "game:redmeat-raw",
        "game:bushmeat-raw",
        "game:egg-chicken-raw",
        "game:poultry-raw"
      ],
      "animationSpeed": 2,
      "animation": "Walk",
      "eatAnimation": "Eat",
      "eatSound": "player/eat",
      "eatTime": 1.5,
      "mincooldownHours": 0,
      "maxcooldownHours": 0
    },
    "file": "game:entities/land/pig-wild-piglet.json"
  }
]
