[
  {
    "op": "add",
    "path": "/attributes/blockDiet",
    "value": [
        "crop-cabbage*",
        "crop-carrot*",
        "crop-flax*",
        "crop-parsnip*",
        "crop-rye*",
        "crop-soybean*",
        "crop-spelt*",
        "crop-turnip*",
        "Berry",
        "Honey"
      ],
    "file": "game:entities/land/pig-wild-female.json"
  },
  {
    "op": "add",
    "path": "/attributes/maxSaturation",
    "value": 20,
    "file": "game:entities/land/pig-wild-female.json"
  },

  {
    "op": "add",
    "path": "/client/behaviors/-",
    "value": {
      "code": "consume"
    },
    "file": "game:entities/land/pig-wild-female.json"
  },

  {
    "op": "replace",
    "path": "/client/behaviors/4",
    "value": {
      "code": "foodmultiply"
    },
    "file": "game:entities/land/pig-wild-female.json"
  },

  {
    "op": "add",
    "path": "/server/behaviors/-",
    "value": {
      "code": "consume",
      "poopCodes": [
        "farmlife:poop-small",
        "farmlife:poop-medium"
      ]
    },
    "file": "game:entities/land/pig-wild-female.json"
  },

  {
    "op": "replace",
    "path": "/server/behaviors/8",
    "value": {
      "code": "foodmultiply",
      "spawnEntityCode": "pig-wild-piglet",
      "spawnQuantityMin": 7,
      "spawnQuantityMax": 14,
      "growthCapEntityCodes": [
        "pig-wild-piglet",
        "pig-wild-female",
        "pig-wild-male"
      ],
      "requiresNearbyEntityCode": "pig-wild-male",
      "requiresNearbyEntityRange": 10,
      "pregnancyDays": 18,
      "multiplyCooldownDaysMin": 1,
      "multiplyCooldownDaysMax": 2,
      "portionsEatenForMultiply": 10
    },
    "file": "game:entities/land/pig-wild-female.json"
  },

  {
    "op": "add",
    "path": "/server/behaviors/10/aitasks/6/eatItemCategories",
    "value": [
      "Grain",
      "Fruit",
      "Vegetable",
      "Dairy",
      "Protein"
    ],
    "file": "game:entities/land/pig-wild-female.json"
  },
  {
    "op": "add",
    "path": "/server/behaviors/10/aitasks/6/eatItemCodes",
    "value": [
      "game:drygrass",
      "game:rot",
      "game:redmeat-raw",
      "game:bushmeat-raw",
      "game:egg-chicken-raw",
      "game:poultry-raw"
    ],
    "file": "game:entities/land/pig-wild-female.json"
  },
  {
    "op": "add",
    "path": "/server/behaviors/10/aitasks/6/eatLooseItems",
    "value": true,
    "file": "game:entities/land/pig-wild-female.json"
  },
  {
    "op": "replace",
    "path": "/server/behaviors/10/aitasks/6/maxcooldownHours",
    "value": 0,
    "file": "game:entities/land/pig-wild-female.json"
  },
  {
    "op": "replace",
    "path": "/server/behaviors/10/aitasks/6/mincooldownHours",
    "value": 0,
    "file": "game:entities/land/pig-wild-female.json"
  },
  {
    "op": "replace",
    "path": "/server/behaviors/10/aitasks/6/movespeed",
    "value": 0.01,
    "file": "game:entities/land/pig-wild-female.json"
  },
  {
    "op": "replace",
    "path": "/server/behaviors/10/aitasks/6/priority",
    "value": 1.5,
    "file": "game:entities/land/pig-wild-female.json"
  }
]
