[
  {
    "op": "add",
    "path": "/attributes/blockDiet",
    "value": [
        "crop-cabbage*",
        "crop-carrot*",
        "crop-flax*",
        "crop-parsnip*",
        "crop-rye*",
        "crop-soybean*",
        "crop-spelt*",
        "crop-turnip*",
        "Berry",
        "Honey"
      ],
    "file": "game:entities/land/pig-wild-male.json"
  },
  {
    "op": "add",
    "path": "/attributes/maxSaturation",
    "value": 20,
    "file": "game:entities/land/pig-wild-male.json"
  },
  {
    "op": "add",
    "path": "/client/behaviors/-",
    "value": {
      "code": "consume"
    },
    "file": "game:entities/land/pig-wild-male.json"
  },

  {
    "op": "add",
    "path": "/server/behaviors/-",
    "value": {
      "code": "consume",
      "poopCodes": [
        "farmlife:poop-medium"
      ]
    },
    "file": "game:entities/land/pig-wild-male.json"
  },

  {
    "op": "add",
    "path": "/server/behaviors/9/aitasks/5/eatItemCategories",
    "value": [
      "Grain",
      "Fruit",
      "Vegetable",
      "Dairy",
      "Protein"
    ],
    "file": "game:entities/land/pig-wild-male.json"
  },
  {
    "op": "add",
    "path": "/server/behaviors/9/aitasks/5/eatItemCodes",
    "value": [
      "game:drygrass",
      "game:rot",
      "game:redmeat-raw",
      "game:bushmeat-raw",
      "game:egg-chicken-raw",
      "game:poultry-raw"
    ],
    "file": "game:entities/land/pig-wild-male.json"
  },
  {
    "op": "add",
    "path": "/server/behaviors/9/aitasks/5/eatLooseItems",
    "value": true,
    "file": "game:entities/land/pig-wild-male.json"
  },
  {
    "op": "replace",
    "path": "/server/behaviors/9/aitasks/5/maxcooldownHours",
    "value": 0,
    "file": "game:entities/land/pig-wild-male.json"
  },
  {
    "op": "replace",
    "path": "/server/behaviors/9/aitasks/5/mincooldownHours",
    "value": 0,
    "file": "game:entities/land/pig-wild-male.json"
  },
  {
    "op": "replace",
    "path": "/server/behaviors/9/aitasks/5/movespeed",
    "value": 0.01,
    "file": "game:entities/land/pig-wild-male.json"
  },
  {
    "op": "replace",
    "path": "/server/behaviors/9/aitasks/5/priority",
    "value": 1.5,
    "file": "game:entities/land/pig-wild-male.json"
  }
]
