[
  {
    "op": "replace",
    "path": "/attributes/contentConfig",
    "value": [
      {
        "code": "flax",
        "content": {
          "type": "item",
          "code": "grain-flax"
        },
        "foodFor": [
          "pig-*",
          "sheep-*"
        ],
        "quantityPerFillLevel": 1,
        "maxFillLevels": 64,
        "shapesPerFillLevel": [
          "block/wood/trough/large/grainfill1",
          "block/wood/trough/large/grainfill1",
          "block/wood/trough/large/grainfill1",
          "block/wood/trough/large/grainfill1",
          "block/wood/trough/large/grainfill1",
          "block/wood/trough/large/grainfill1",
          "block/wood/trough/large/grainfill1",
          "block/wood/trough/large/grainfill1",
          "block/wood/trough/large/grainfill1",
          "block/wood/trough/large/grainfill1",
          "block/wood/trough/large/grainfill1",
          "block/wood/trough/large/grainfill1",
          "block/wood/trough/large/grainfill1",
          "block/wood/trough/large/grainfill1",
          "block/wood/trough/large/grainfill1",
          "block/wood/trough/large/grainfill1",
          "block/wood/trough/large/grainfill2",
          "block/wood/trough/large/grainfill2",
          "block/wood/trough/large/grainfill2",
          "block/wood/trough/large/grainfill2",
          "block/wood/trough/large/grainfill2",
          "block/wood/trough/large/grainfill2",
          "block/wood/trough/large/grainfill2",
          "block/wood/trough/large/grainfill2",
          "block/wood/trough/large/grainfill2",
          "block/wood/trough/large/grainfill2",
          "block/wood/trough/large/grainfill2",
          "block/wood/trough/large/grainfill2",
          "block/wood/trough/large/grainfill2",
          "block/wood/trough/large/grainfill2",
          "block/wood/trough/large/grainfill2",
          "block/wood/trough/large/grainfill2",
          "block/wood/trough/large/grainfill3",
          "block/wood/trough/large/grainfill3",
          "block/wood/trough/large/grainfill3",
          "block/wood/trough/large/grainfill3",
          "block/wood/trough/large/grainfill3",
          "block/wood/trough/large/grainfill3",
          "block/wood/trough/large/grainfill3",
          "block/wood/trough/large/grainfill3",
          "block/wood/trough/large/grainfill3",
          "block/wood/trough/large/grainfill3",
          "block/wood/trough/large/grainfill3",
          "block/wood/trough/large/grainfill3",
          "block/wood/trough/large/grainfill3",
          "block/wood/trough/large/grainfill3",
          "block/wood/trough/large/grainfill3",
          "block/wood/trough/large/grainfill3",
          "block/wood/trough/large/grainfill4",
          "block/wood/trough/large/grainfill4",
          "block/wood/trough/large/grainfill4",
          "block/wood/trough/large/grainfill4",
          "block/wood/trough/large/grainfill4",
          "block/wood/trough/large/grainfill4",
          "block/wood/trough/large/grainfill4",
          "block/wood/trough/large/grainfill4",
          "block/wood/trough/large/grainfill4",
          "block/wood/trough/large/grainfill4",
          "block/wood/trough/large/grainfill4",
          "block/wood/trough/large/grainfill4",
          "block/wood/trough/large/grainfill4",
          "block/wood/trough/large/grainfill4",
          "block/wood/trough/large/grainfill4",
          "block/wood/trough/large/grainfill4"
        ],
        "textureCode": "contents-flax"
      },
      {
        "code": "rot",
        "content": {
          "type": "item",
          "code": "game:rot"
        },
        "foodFor": [
          "pig-*"
        ],
        "quantityPerFillLevel": 1,
        "maxFillLevels": 64,
        "shapesPerFillLevel": [
          "block/wood/trough/large/grainfill1",
          "block/wood/trough/large/grainfill1",
          "block/wood/trough/large/grainfill1",
          "block/wood/trough/large/grainfill1",
          "block/wood/trough/large/grainfill1",
          "block/wood/trough/large/grainfill1",
          "block/wood/trough/large/grainfill1",
          "block/wood/trough/large/grainfill1",
          "block/wood/trough/large/grainfill1",
          "block/wood/trough/large/grainfill1",
          "block/wood/trough/large/grainfill1",
          "block/wood/trough/large/grainfill1",
          "block/wood/trough/large/grainfill1",
          "block/wood/trough/large/grainfill1",
          "block/wood/trough/large/grainfill1",
          "block/wood/trough/large/grainfill1",
          "block/wood/trough/large/grainfill2",
          "block/wood/trough/large/grainfill2",
          "block/wood/trough/large/grainfill2",
          "block/wood/trough/large/grainfill2",
          "block/wood/trough/large/grainfill2",
          "block/wood/trough/large/grainfill2",
          "block/wood/trough/large/grainfill2",
          "block/wood/trough/large/grainfill2",
          "block/wood/trough/large/grainfill2",
          "block/wood/trough/large/grainfill2",
          "block/wood/trough/large/grainfill2",
          "block/wood/trough/large/grainfill2",
          "block/wood/trough/large/grainfill2",
          "block/wood/trough/large/grainfill2",
          "block/wood/trough/large/grainfill2",
          "block/wood/trough/large/grainfill2",
          "block/wood/trough/large/grainfill3",
          "block/wood/trough/large/grainfill3",
          "block/wood/trough/large/grainfill3",
          "block/wood/trough/large/grainfill3",
          "block/wood/trough/large/grainfill3",
          "block/wood/trough/large/grainfill3",
          "block/wood/trough/large/grainfill3",
          "block/wood/trough/large/grainfill3",
          "block/wood/trough/large/grainfill3",
          "block/wood/trough/large/grainfill3",
          "block/wood/trough/large/grainfill3",
          "block/wood/trough/large/grainfill3",
          "block/wood/trough/large/grainfill3",
          "block/wood/trough/large/grainfill3",
          "block/wood/trough/large/grainfill3",
          "block/wood/trough/large/grainfill3",
          "block/wood/trough/large/grainfill4",
          "block/wood/trough/large/grainfill4",
          "block/wood/trough/large/grainfill4",
          "block/wood/trough/large/grainfill4",
          "block/wood/trough/large/grainfill4",
          "block/wood/trough/large/grainfill4",
          "block/wood/trough/large/grainfill4",
          "block/wood/trough/large/grainfill4",
          "block/wood/trough/large/grainfill4",
          "block/wood/trough/large/grainfill4",
          "block/wood/trough/large/grainfill4",
          "block/wood/trough/large/grainfill4",
          "block/wood/trough/large/grainfill4",
          "block/wood/trough/large/grainfill4",
          "block/wood/trough/large/grainfill4",
          "block/wood/trough/large/grainfill4"
        ],
        "textureCode": "contents-rot"
      },
      {
        "code": "rice",
        "content": {
          "type": "item",
          "code": "grain-rice"
        },
        "quantityPerFillLevel": 1,
        "maxFillLevels": 64,
        "shapesPerFillLevel": [
          "block/wood/trough/large/grainfill1",
          "block/wood/trough/large/grainfill1",
          "block/wood/trough/large/grainfill1",
          "block/wood/trough/large/grainfill1",
          "block/wood/trough/large/grainfill1",
          "block/wood/trough/large/grainfill1",
          "block/wood/trough/large/grainfill1",
          "block/wood/trough/large/grainfill1",
          "block/wood/trough/large/grainfill1",
          "block/wood/trough/large/grainfill1",
          "block/wood/trough/large/grainfill1",
          "block/wood/trough/large/grainfill1",
          "block/wood/trough/large/grainfill1",
          "block/wood/trough/large/grainfill1",
          "block/wood/trough/large/grainfill1",
          "block/wood/trough/large/grainfill1",
          "block/wood/trough/large/grainfill2",
          "block/wood/trough/large/grainfill2",
          "block/wood/trough/large/grainfill2",
          "block/wood/trough/large/grainfill2",
          "block/wood/trough/large/grainfill2",
          "block/wood/trough/large/grainfill2",
          "block/wood/trough/large/grainfill2",
          "block/wood/trough/large/grainfill2",
          "block/wood/trough/large/grainfill2",
          "block/wood/trough/large/grainfill2",
          "block/wood/trough/large/grainfill2",
          "block/wood/trough/large/grainfill2",
          "block/wood/trough/large/grainfill2",
          "block/wood/trough/large/grainfill2",
          "block/wood/trough/large/grainfill2",
          "block/wood/trough/large/grainfill2",
          "block/wood/trough/large/grainfill3",
          "block/wood/trough/large/grainfill3",
          "block/wood/trough/large/grainfill3",
          "block/wood/trough/large/grainfill3",
          "block/wood/trough/large/grainfill3",
          "block/wood/trough/large/grainfill3",
          "block/wood/trough/large/grainfill3",
          "block/wood/trough/large/grainfill3",
          "block/wood/trough/large/grainfill3",
          "block/wood/trough/large/grainfill3",
          "block/wood/trough/large/grainfill3",
          "block/wood/trough/large/grainfill3",
          "block/wood/trough/large/grainfill3",
          "block/wood/trough/large/grainfill3",
          "block/wood/trough/large/grainfill3",
          "block/wood/trough/large/grainfill3",
          "block/wood/trough/large/grainfill4",
          "block/wood/trough/large/grainfill4",
          "block/wood/trough/large/grainfill4",
          "block/wood/trough/large/grainfill4",
          "block/wood/trough/large/grainfill4",
          "block/wood/trough/large/grainfill4",
          "block/wood/trough/large/grainfill4",
          "block/wood/trough/large/grainfill4",
          "block/wood/trough/large/grainfill4",
          "block/wood/trough/large/grainfill4",
          "block/wood/trough/large/grainfill4",
          "block/wood/trough/large/grainfill4",
          "block/wood/trough/large/grainfill4",
          "block/wood/trough/large/grainfill4",
          "block/wood/trough/large/grainfill4",
          "block/wood/trough/large/grainfill4"
        ],
        "foodFor": [
          "pig-*",
          "sheep-*"
        ],
        "textureCode": "contents-rice"
      },
      {
        "code": "rye",
        "content": {
          "type": "item",
          "code": "grain-rye"
        },
        "quantityPerFillLevel": 1,
        "maxFillLevels": 64,
        "shapesPerFillLevel": [
          "block/wood/trough/large/grainfill1",
          "block/wood/trough/large/grainfill1",
          "block/wood/trough/large/grainfill1",
          "block/wood/trough/large/grainfill1",
          "block/wood/trough/large/grainfill1",
          "block/wood/trough/large/grainfill1",
          "block/wood/trough/large/grainfill1",
          "block/wood/trough/large/grainfill1",
          "block/wood/trough/large/grainfill1",
          "block/wood/trough/large/grainfill1",
          "block/wood/trough/large/grainfill1",
          "block/wood/trough/large/grainfill1",
          "block/wood/trough/large/grainfill1",
          "block/wood/trough/large/grainfill1",
          "block/wood/trough/large/grainfill1",
          "block/wood/trough/large/grainfill1",
          "block/wood/trough/large/grainfill2",
          "block/wood/trough/large/grainfill2",
          "block/wood/trough/large/grainfill2",
          "block/wood/trough/large/grainfill2",
          "block/wood/trough/large/grainfill2",
          "block/wood/trough/large/grainfill2",
          "block/wood/trough/large/grainfill2",
          "block/wood/trough/large/grainfill2",
          "block/wood/trough/large/grainfill2",
          "block/wood/trough/large/grainfill2",
          "block/wood/trough/large/grainfill2",
          "block/wood/trough/large/grainfill2",
          "block/wood/trough/large/grainfill2",
          "block/wood/trough/large/grainfill2",
          "block/wood/trough/large/grainfill2",
          "block/wood/trough/large/grainfill2",
          "block/wood/trough/large/grainfill3",
          "block/wood/trough/large/grainfill3",
          "block/wood/trough/large/grainfill3",
          "block/wood/trough/large/grainfill3",
          "block/wood/trough/large/grainfill3",
          "block/wood/trough/large/grainfill3",
          "block/wood/trough/large/grainfill3",
          "block/wood/trough/large/grainfill3",
          "block/wood/trough/large/grainfill3",
          "block/wood/trough/large/grainfill3",
          "block/wood/trough/large/grainfill3",
          "block/wood/trough/large/grainfill3",
          "block/wood/trough/large/grainfill3",
          "block/wood/trough/large/grainfill3",
          "block/wood/trough/large/grainfill3",
          "block/wood/trough/large/grainfill3",
          "block/wood/trough/large/grainfill4",
          "block/wood/trough/large/grainfill4",
          "block/wood/trough/large/grainfill4",
          "block/wood/trough/large/grainfill4",
          "block/wood/trough/large/grainfill4",
          "block/wood/trough/large/grainfill4",
          "block/wood/trough/large/grainfill4",
          "block/wood/trough/large/grainfill4",
          "block/wood/trough/large/grainfill4",
          "block/wood/trough/large/grainfill4",
          "block/wood/trough/large/grainfill4",
          "block/wood/trough/large/grainfill4",
          "block/wood/trough/large/grainfill4",
          "block/wood/trough/large/grainfill4",
          "block/wood/trough/large/grainfill4",
          "block/wood/trough/large/grainfill4"
        ],
        "foodFor": [
          "pig-*",
          "sheep-*"
        ],
        "textureCode": "contents-rye"
      },
      {
        "code": "spelt",
        "content": {
          "type": "item",
          "code": "grain-spelt"
        },
        "quantityPerFillLevel": 1,
        "maxFillLevels": 64,
        "shapesPerFillLevel": [
          "block/wood/trough/large/grainfill1",
          "block/wood/trough/large/grainfill1",
          "block/wood/trough/large/grainfill1",
          "block/wood/trough/large/grainfill1",
          "block/wood/trough/large/grainfill1",
          "block/wood/trough/large/grainfill1",
          "block/wood/trough/large/grainfill1",
          "block/wood/trough/large/grainfill1",
          "block/wood/trough/large/grainfill1",
          "block/wood/trough/large/grainfill1",
          "block/wood/trough/large/grainfill1",
          "block/wood/trough/large/grainfill1",
          "block/wood/trough/large/grainfill1",
          "block/wood/trough/large/grainfill1",
          "block/wood/trough/large/grainfill1",
          "block/wood/trough/large/grainfill1",
          "block/wood/trough/large/grainfill2",
          "block/wood/trough/large/grainfill2",
          "block/wood/trough/large/grainfill2",
          "block/wood/trough/large/grainfill2",
          "block/wood/trough/large/grainfill2",
          "block/wood/trough/large/grainfill2",
          "block/wood/trough/large/grainfill2",
          "block/wood/trough/large/grainfill2",
          "block/wood/trough/large/grainfill2",
          "block/wood/trough/large/grainfill2",
          "block/wood/trough/large/grainfill2",
          "block/wood/trough/large/grainfill2",
          "block/wood/trough/large/grainfill2",
          "block/wood/trough/large/grainfill2",
          "block/wood/trough/large/grainfill2",
          "block/wood/trough/large/grainfill2",
          "block/wood/trough/large/grainfill3",
          "block/wood/trough/large/grainfill3",
          "block/wood/trough/large/grainfill3",
          "block/wood/trough/large/grainfill3",
          "block/wood/trough/large/grainfill3",
          "block/wood/trough/large/grainfill3",
          "block/wood/trough/large/grainfill3",
          "block/wood/trough/large/grainfill3",
          "block/wood/trough/large/grainfill3",
          "block/wood/trough/large/grainfill3",
          "block/wood/trough/large/grainfill3",
          "block/wood/trough/large/grainfill3",
          "block/wood/trough/large/grainfill3",
          "block/wood/trough/large/grainfill3",
          "block/wood/trough/large/grainfill3",
          "block/wood/trough/large/grainfill3",
          "block/wood/trough/large/grainfill4",
          "block/wood/trough/large/grainfill4",
          "block/wood/trough/large/grainfill4",
          "block/wood/trough/large/grainfill4",
          "block/wood/trough/large/grainfill4",
          "block/wood/trough/large/grainfill4",
          "block/wood/trough/large/grainfill4",
          "block/wood/trough/large/grainfill4",
          "block/wood/trough/large/grainfill4",
          "block/wood/trough/large/grainfill4",
          "block/wood/trough/large/grainfill4",
          "block/wood/trough/large/grainfill4",
          "block/wood/trough/large/grainfill4",
          "block/wood/trough/large/grainfill4",
          "block/wood/trough/large/grainfill4",
          "block/wood/trough/large/grainfill4"
        ],
        "foodFor": [
          "pig-*",
          "sheep-*"
        ],
        "textureCode": "contents-spelt"
      },
      {
        "code": "drygrass",
        "content": {
          "type": "item",
          "code": "drygrass"
        },
        "quantityPerFillLevel": 1,
        "maxFillLevels": 64,
        "shapesPerFillLevel": [
          "block/wood/trough/large/hayfill1",
          "block/wood/trough/large/hayfill1",
          "block/wood/trough/large/hayfill1",
          "block/wood/trough/large/hayfill1",
          "block/wood/trough/large/hayfill1",
          "block/wood/trough/large/hayfill1",
          "block/wood/trough/large/hayfill1",
          "block/wood/trough/large/hayfill1",
          "block/wood/trough/large/hayfill1",
          "block/wood/trough/large/hayfill1",
          "block/wood/trough/large/hayfill1",
          "block/wood/trough/large/hayfill1",
          "block/wood/trough/large/hayfill1",
          "block/wood/trough/large/hayfill1",
          "block/wood/trough/large/hayfill1",
          "block/wood/trough/large/hayfill1",
          "block/wood/trough/large/hayfill2",
          "block/wood/trough/large/hayfill2",
          "block/wood/trough/large/hayfill2",
          "block/wood/trough/large/hayfill2",
          "block/wood/trough/large/hayfill2",
          "block/wood/trough/large/hayfill2",
          "block/wood/trough/large/hayfill2",
          "block/wood/trough/large/hayfill2",
          "block/wood/trough/large/hayfill2",
          "block/wood/trough/large/hayfill2",
          "block/wood/trough/large/hayfill2",
          "block/wood/trough/large/hayfill2",
          "block/wood/trough/large/hayfill2",
          "block/wood/trough/large/hayfill2",
          "block/wood/trough/large/hayfill2",
          "block/wood/trough/large/hayfill2",
          "block/wood/trough/large/hayfill3",
          "block/wood/trough/large/hayfill3",
          "block/wood/trough/large/hayfill3",
          "block/wood/trough/large/hayfill3",
          "block/wood/trough/large/hayfill3",
          "block/wood/trough/large/hayfill3",
          "block/wood/trough/large/hayfill3",
          "block/wood/trough/large/hayfill3",
          "block/wood/trough/large/hayfill3",
          "block/wood/trough/large/hayfill3",
          "block/wood/trough/large/hayfill3",
          "block/wood/trough/large/hayfill3",
          "block/wood/trough/large/hayfill3",
          "block/wood/trough/large/hayfill3",
          "block/wood/trough/large/hayfill3",
          "block/wood/trough/large/hayfill3",
          "block/wood/trough/large/hayfill4",
          "block/wood/trough/large/hayfill4",
          "block/wood/trough/large/hayfill4",
          "block/wood/trough/large/hayfill4",
          "block/wood/trough/large/hayfill4",
          "block/wood/trough/large/hayfill4",
          "block/wood/trough/large/hayfill4",
          "block/wood/trough/large/hayfill4",
          "block/wood/trough/large/hayfill4",
          "block/wood/trough/large/hayfill4",
          "block/wood/trough/large/hayfill4",
          "block/wood/trough/large/hayfill4",
          "block/wood/trough/large/hayfill4",
          "block/wood/trough/large/hayfill4",
          "block/wood/trough/large/hayfill4",
          "block/wood/trough/large/hayfill4"
        ],
        "foodFor": [
          "pig-*",
          "sheep-*"
        ]
      }
    ],
    "file": "game:blocktypes/wood/generic/trough-large.json"
  },
  {
    "op": "replace",
    "path": "/collisionbox",
    "value": null,
    "file": "game:blocktypes/wood/generic/trough-large.json"
  },
  {
    "op": "add",
    "path": "/textures/contents-rot",
    "value": {
      "base": "game:block/rot/rot"
    },
    "file": "game:blocktypes/wood/generic/trough-large.json"
  }
]