[
  {
    "op": "replace",
    "path": "/transitionablePropsByType/*/0/transitionRatio",
    "value": 1,
    "file": "game:itemtypes/food/vegetable.json"
  },
  {
    "op": "replace",
    "path": "/transitionablePropsByType/*-cookedcattailroot/0/transitionRatio",
    "value": 1,
    "file": "game:itemtypes/food/vegetable.json"
  },
  {
    "op": "replace",
    "path": "/transitionablePropsByType/*-onion/0/transitionRatio",
    "value": 1,
    "file": "game:itemtypes/food/vegetable.json"
  },
  {
    "op": "replace",
    "path": "/transitionablePropsByType/*-pumpkin/0/transitionRatio",
    "value": 1,
    "file": "game:itemtypes/food/vegetable.json"
  }
]
