[
  {
    "op": "add",
    "path": "/attributes/blockDiet",
    "value": [
        "crop-flax*",
        "crop-rye*",
        "crop-soybean*",
        "crop-spelt*"
      ],
    "file": "game:entities/land/chicken-hen.json"
  },
  {
    "op": "add",
    "path": "/attributes/maxSaturation",
    "value": 12,
    "file": "game:entities/land/chicken-hen.json"
  },
  {
    "op": "add",
    "path": "/client/behaviors/-",
    "value": {
      "code": "consume"
    },
    "file": "game:entities/land/chicken-hen.json"
  },

  {
    "op": "replace",
    "path": "/client/behaviors/4",
    "value": {
      "code": "foodmultiply"
    },
    "file": "game:entities/land/chicken-hen.json"
  },
  {
    "op": "add",
    "path": "/server/behaviors/-",
    "value": {
      "code": "consume",
      "poopCodes": [
        "farmlife:poop-small"
      ]
    },
    "file": "game:entities/land/chicken-hen.json"
  },

  {
    "op": "replace",
    "path": "/server/behaviors/7",
    "value": {
      "code": "foodmultiply",
      "spawnEntityCode": "chicken-baby",
      "spawnQuantityMin": 1,
      "spawnQuantityMax": 2,
      "growthCapEntityCodes": [
        "chicken-baby",
        "chicken-hen",
        "chicken-rooster"
      ],
      "requiresNearbyEntityCode": "chicken-rooster",
      "requiresNearbyEntityRange": 5,
      "pregnancyDays": 4,
      "multiplyCooldownDaysMin": 1,
      "multiplyCooldownDaysMax": 3,
      "portionsEatenForMultiply": 6
    },
    "file": "game:entities/land/chicken-hen.json"
  },

  {
    "op": "replace",
    "path": "/server/behaviors/10",
    "value": {
      "code": "layegg",
      "minHourDelay": 24,
      "maxHourDelay": 26,
      "eggCodes": [
        "game:egg-chicken-1"
      ]
    },
    "file": "game:entities/land/chicken-hen.json"
  },
  {
    "op": "add",
    "path": "/server/behaviors/11/aitasks/2/eatAnimation",
    "value": "Eat",
    "file": "game:entities/land/chicken-hen.json"
  },
  {
    "op": "add",
    "path": "/server/behaviors/11/aitasks/2/eatItemCategories",
    "value": [
      "Grain"
    ],
    "file": "game:entities/land/chicken-hen.json"
  },
  {
    "op": "add",
    "path": "/server/behaviors/11/aitasks/2/eatLooseItems",
    "value": true,
    "file": "game:entities/land/chicken-hen.json"
  },
  {
    "op": "replace",
    "path": "/server/behaviors/11/aitasks/2/maxcooldownHours",
    "value": 0,
    "file": "game:entities/land/chicken-hen.json"
  },
  {
    "op": "replace",
    "path": "/server/behaviors/11/aitasks/2/mincooldownHours",
    "value": 0,
    "file": "game:entities/land/chicken-hen.json"
  },
  {
    "op": "replace",
    "path": "/server/behaviors/11/aitasks/2/movespeed",
    "value": 0.01,
    "file": "game:entities/land/chicken-hen.json"
  },
  {
    "op": "replace",
    "path": "/server/behaviors/11/aitasks/2/priority",
    "value": 1.5,
    "file": "game:entities/land/chicken-hen.json"
  }
]
